file,line,type,commit,author,date,time,timezone,datetime,depth,length
style.css,1,css,806628a4,Yonghao Wang,2026-04-02,19:11:45,-07:00,2026-04-02T19:11:45-07:00,0,5
style.css,2,css,806628a4,Yonghao Wang,2026-04-02,19:11:45,-07:00,2026-04-02T19:11:45-07:00,0,24
style.css,3,css,14ab1eef,Yonghao Wang,2026-04-09,14:17:57,-07:00,2026-04-09T14:17:57-07:00,0,16
style.css,4,css,14ab1eef,Yonghao Wang,2026-04-09,14:17:57,-07:00,2026-04-09T14:17:57-07:00,0,19
style.css,5,css,14ab1eef,Yonghao Wang,2026-04-09,14:17:57,-07:00,2026-04-09T14:17:57-07:00,0,19
style.css,6,css,806628a4,Yonghao Wang,2026-04-02,19:11:45,-07:00,2026-04-02T19:11:45-07:00,0,0
style.css,7,css,806628a4,Yonghao Wang,2026-04-02,19:11:45,-07:00,2026-04-02T19:11:45-07:00,0,0
style.css,8,css,806628a4,Yonghao Wang,2026-04-02,19:11:45,-07:00,2026-04-02T19:11:45-07:00,0,4
style.css,9,css,806628a4,Yonghao Wang,2026-04-02,19:11:45,-07:00,2026-04-02T19:11:45-07:00,0,12
style.css,10,css,806628a4,Yonghao Wang,2026-04-02,19:11:45,-07:00,2026-04-02T19:11:45-07:00,0,15
style.css,11,css,806628a4,Yonghao Wang,2026-04-02,19:11:45,-07:00,2026-04-02T19:11:45-07:00,0,12
style.css,12,css,14ab1eef,Yonghao Wang,2026-04-09,14:17:57,-07:00,2026-04-09T14:17:57-07:00,0,0
style.css,13,css,14ab1eef,Yonghao Wang,2026-04-09,14:17:57,-07:00,2026-04-09T14:17:57-07:00,0,0
style.css,14,css,14ab1eef,Yonghao Wang,2026-04-09,14:17:57,-07:00,2026-04-09T14:17:57-07:00,0,5
style.css,15,css,14ab1eef,Yonghao Wang,2026-04-09,14:17:57,-07:00,2026-04-09T14:17:57-07:00,0,32
style.css,16,css,14ab1eef,Yonghao Wang,2026-04-09,14:17:57,-07:00,2026-04-09T14:17:57-07:00,0,33
style.css,17,css,9b071323,Yonghao Wang,2026-04-14,15:42:14,-07:00,2026-04-14T15:42:14-07:00,0,24
style.css,18,css,14ab1eef,Yonghao Wang,2026-04-09,14:17:57,-07:00,2026-04-09T14:17:57-07:00,0,0
style.css,19,css,14ab1eef,Yonghao Wang,2026-04-09,14:17:57,-07:00,2026-04-09T14:17:57-07:00,0,0
style.css,20,css,14ab1eef,Yonghao Wang,2026-04-09,14:17:57,-07:00,2026-04-09T14:17:57-07:00,0,4
style.css,21,css,9b071323,Yonghao Wang,2026-04-14,15:42:14,-07:00,2026-04-14T15:42:14-07:00,0,40
style.css,22,css,14ab1eef,Yonghao Wang,2026-04-09,14:17:57,-07:00,2026-04-09T14:17:57-07:00,0,13
style.css,23,css,6f8e2e1e,Yonghao Wang,2026-04-24,10:29:10,-07:00,2026-04-24T10:29:10-07:00,0,15
style.css,24,css,6f8e2e1e,Yonghao Wang,2026-04-24,10:29:10,-07:00,2026-04-24T10:29:10-07:00,0,11
style.css,25,css,14ab1eef,Yonghao Wang,2026-04-09,14:17:57,-07:00,2026-04-09T14:17:57-07:00,0,18
style.css,26,css,6f8e2e1e,Yonghao Wang,2026-04-24,10:29:10,-07:00,2026-04-24T10:29:10-07:00,0,20
style.css,27,css,9b071323,Yonghao Wang,2026-04-14,15:42:14,-07:00,2026-04-14T15:42:14-07:00,0,44
style.css,28,css,14ab1eef,Yonghao Wang,2026-04-09,14:17:57,-07:00,2026-04-09T14:17:57-07:00,0,0
style.css,29,css,14ab1eef,Yonghao Wang,2026-04-09,14:17:57,-07:00,2026-04-09T14:17:57-07:00,0,0
style.css,30,css,14ab1eef,Yonghao Wang,2026-04-09,14:17:57,-07:00,2026-04-09T14:17:57-07:00,0,6
style.css,31,css,14ab1eef,Yonghao Wang,2026-04-09,14:17:57,-07:00,2026-04-09T14:17:57-07:00,0,7
style.css,32,css,14ab1eef,Yonghao Wang,2026-04-09,14:17:57,-07:00,2026-04-09T14:17:57-07:00,0,21
style.css,33,css,14ab1eef,Yonghao Wang,2026-04-09,14:17:57,-07:00,2026-04-09T14:17:57-07:00,0,14
style.css,34,css,14ab1eef,Yonghao Wang,2026-04-09,14:17:57,-07:00,2026-04-09T14:17:57-07:00,0,18
style.css,35,css,14ab1eef,Yonghao Wang,2026-04-09,14:17:57,-07:00,2026-04-09T14:17:57-07:00,0,14
style.css,36,css,14ab1eef,Yonghao Wang,2026-04-09,14:17:57,-07:00,2026-04-09T14:17:57-07:00,0,0
style.css,37,css,14ab1eef,Yonghao Wang,2026-04-09,14:17:57,-07:00,2026-04-09T14:17:57-07:00,0,0
style.css,38,css,14ab1eef,Yonghao Wang,2026-04-09,14:17:57,-07:00,2026-04-09T14:17:57-07:00,0,14
style.css,39,css,9b071323,Yonghao Wang,2026-04-14,15:42:14,-07:00,2026-04-14T15:42:14-07:00,0,46
style.css,40,css,14ab1eef,Yonghao Wang,2026-04-09,14:17:57,-07:00,2026-04-09T14:17:57-07:00,0,21
style.css,41,css,14ab1eef,Yonghao Wang,2026-04-09,14:17:57,-07:00,2026-04-09T14:17:57-07:00,0,0
style.css,42,css,14ab1eef,Yonghao Wang,2026-04-09,14:17:57,-07:00,2026-04-09T14:17:57-07:00,0,0
style.css,43,css,14ab1eef,Yonghao Wang,2026-04-09,14:17:57,-07:00,2026-04-09T14:17:57-07:00,0,12
style.css,44,css,14ab1eef,Yonghao Wang,2026-04-09,14:17:57,-07:00,2026-04-09T14:17:57-07:00,0,46
style.css,45,css,14ab1eef,Yonghao Wang,2026-04-09,14:17:57,-07:00,2026-04-09T14:17:57-07:00,0,21
style.css,46,css,14ab1eef,Yonghao Wang,2026-04-09,14:17:57,-07:00,2026-04-09T14:17:57-07:00,0,0
style.css,47,css,14ab1eef,Yonghao Wang,2026-04-09,14:17:57,-07:00,2026-04-09T14:17:57-07:00,0,0
style.css,48,css,9b071323,Yonghao Wang,2026-04-14,15:42:14,-07:00,2026-04-14T15:42:14-07:00,0,14
style.css,49,css,9b071323,Yonghao Wang,2026-04-14,15:42:14,-07:00,2026-04-14T15:42:14-07:00,0,18
style.css,50,css,9b071323,Yonghao Wang,2026-04-14,15:42:14,-07:00,2026-04-14T15:42:14-07:00,0,9
style.css,51,css,9b071323,Yonghao Wang,2026-04-14,15:42:14,-07:00,2026-04-14T15:42:14-07:00,0,11
style.css,52,css,9b071323,Yonghao Wang,2026-04-14,15:42:14,-07:00,2026-04-14T15:42:14-07:00,0,14
style.css,53,css,9b071323,Yonghao Wang,2026-04-14,15:42:14,-07:00,2026-04-14T15:42:14-07:00,0,0
style.css,54,css,9b071323,Yonghao Wang,2026-04-14,15:42:14,-07:00,2026-04-14T15:42:14-07:00,0,0
style.css,55,css,6f8e2e1e,Yonghao Wang,2026-04-24,10:29:10,-07:00,2026-04-24T10:29:10-07:00,0,26
style.css,56,css,6f8e2e1e,Yonghao Wang,2026-04-24,10:29:10,-07:00,2026-04-24T10:29:10-07:00,0,4
style.css,57,css,6f8e2e1e,Yonghao Wang,2026-04-24,10:29:10,-07:00,2026-04-24T10:29:10-07:00,0,16
style.css,58,css,6f8e2e1e,Yonghao Wang,2026-04-24,10:29:10,-07:00,2026-04-24T10:29:10-07:00,0,0
style.css,59,css,6f8e2e1e,Yonghao Wang,2026-04-24,10:29:10,-07:00,2026-04-24T10:29:10-07:00,0,0
style.css,60,css,6f8e2e1e,Yonghao Wang,2026-04-24,10:29:10,-07:00,2026-04-24T10:29:10-07:00,0,14
style.css,61,css,6f8e2e1e,Yonghao Wang,2026-04-24,10:29:10,-07:00,2026-04-24T10:29:10-07:00,0,16
style.css,62,css,6f8e2e1e,Yonghao Wang,2026-04-24,10:29:10,-07:00,2026-04-24T10:29:10-07:00,0,14
style.css,63,css,6f8e2e1e,Yonghao Wang,2026-04-24,10:29:10,-07:00,2026-04-24T10:29:10-07:00,0,18
style.css,64,css,6f8e2e1e,Yonghao Wang,2026-04-24,10:29:10,-07:00,2026-04-24T10:29:10-07:00,0,17
style.css,65,css,6f8e2e1e,Yonghao Wang,2026-04-24,10:29:10,-07:00,2026-04-24T10:29:10-07:00,0,19
style.css,66,css,6f8e2e1e,Yonghao Wang,2026-04-24,10:29:10,-07:00,2026-04-24T10:29:10-07:00,0,0
style.css,67,css,6f8e2e1e,Yonghao Wang,2026-04-24,10:29:10,-07:00,2026-04-24T10:29:10-07:00,0,0
style.css,68,css,6f8e2e1e,Yonghao Wang,2026-04-24,10:29:10,-07:00,2026-04-24T10:29:10-07:00,0,0
style.css,69,css,14ab1eef,Yonghao Wang,2026-04-09,14:17:57,-07:00,2026-04-09T14:17:57-07:00,0,5
style.css,70,css,14ab1eef,Yonghao Wang,2026-04-09,14:17:57,-07:00,2026-04-09T14:17:57-07:00,0,8
style.css,71,css,9b071323,Yonghao Wang,2026-04-14,15:42:14,-07:00,2026-04-14T15:42:14-07:00,0,6
style.css,72,css,9b071323,Yonghao Wang,2026-04-14,15:42:14,-07:00,2026-04-14T15:42:14-07:00,0,7
style.css,73,css,14ab1eef,Yonghao Wang,2026-04-09,14:17:57,-07:00,2026-04-09T14:17:57-07:00,0,13
style.css,74,css,14ab1eef,Yonghao Wang,2026-04-09,14:17:57,-07:00,2026-04-09T14:17:57-07:00,0,0
style.css,75,css,14ab1eef,Yonghao Wang,2026-04-09,14:17:57,-07:00,2026-04-09T14:17:57-07:00,0,0
style.css,76,css,14ab1eef,Yonghao Wang,2026-04-09,14:17:57,-07:00,2026-04-09T14:17:57-07:00,0,5
style.css,77,css,14ab1eef,Yonghao Wang,2026-04-09,14:17:57,-07:00,2026-04-09T14:17:57-07:00,0,13
style.css,78,css,14ab1eef,Yonghao Wang,2026-04-09,14:17:57,-07:00,2026-04-09T14:17:57-07:00,0,31
style.css,79,css,14ab1eef,Yonghao Wang,2026-04-09,14:17:57,-07:00,2026-04-09T14:17:57-07:00,0,8
style.css,80,css,14ab1eef,Yonghao Wang,2026-04-09,14:17:57,-07:00,2026-04-09T14:17:57-07:00,0,0
style.css,81,css,14ab1eef,Yonghao Wang,2026-04-09,14:17:57,-07:00,2026-04-09T14:17:57-07:00,0,0
style.css,82,css,14ab1eef,Yonghao Wang,2026-04-09,14:17:57,-07:00,2026-04-09T14:17:57-07:00,0,6
style.css,83,css,14ab1eef,Yonghao Wang,2026-04-09,14:17:57,-07:00,2026-04-09T14:17:57-07:00,0,13
style.css,84,css,14ab1eef,Yonghao Wang,2026-04-09,14:17:57,-07:00,2026-04-09T14:17:57-07:00,0,30
style.css,85,css,14ab1eef,Yonghao Wang,2026-04-09,14:17:57,-07:00,2026-04-09T14:17:57-07:00,0,19
style.css,86,css,14ab1eef,Yonghao Wang,2026-04-09,14:17:57,-07:00,2026-04-09T14:17:57-07:00,0,0
style.css,87,css,14ab1eef,Yonghao Wang,2026-04-09,14:17:57,-07:00,2026-04-09T14:17:57-07:00,0,0
style.css,88,css,14ab1eef,Yonghao Wang,2026-04-09,14:17:57,-07:00,2026-04-09T14:17:57-07:00,0,7
style.css,89,css,14ab1eef,Yonghao Wang,2026-04-09,14:17:57,-07:00,2026-04-09T14:17:57-07:00,0,19
style.css,90,css,14ab1eef,Yonghao Wang,2026-04-09,14:17:57,-07:00,2026-04-09T14:17:57-07:00,0,0
style.css,91,css,14ab1eef,Yonghao Wang,2026-04-09,14:17:57,-07:00,2026-04-09T14:17:57-07:00,0,0
style.css,92,css,14ab1eef,Yonghao Wang,2026-04-09,14:17:57,-07:00,2026-04-09T14:17:57-07:00,0,5
style.css,93,css,14ab1eef,Yonghao Wang,2026-04-09,14:17:57,-07:00,2026-04-09T14:17:57-07:00,0,8
style.css,94,css,14ab1eef,Yonghao Wang,2026-04-09,14:17:57,-07:00,2026-04-09T14:17:57-07:00,0,7
style.css,95,css,14ab1eef,Yonghao Wang,2026-04-09,14:17:57,-07:00,2026-04-09T14:17:57-07:00,0,11
style.css,96,css,14ab1eef,Yonghao Wang,2026-04-09,14:17:57,-07:00,2026-04-09T14:17:57-07:00,0,22
style.css,97,css,14ab1eef,Yonghao Wang,2026-04-09,14:17:57,-07:00,2026-04-09T14:17:57-07:00,0,0
style.css,98,css,14ab1eef,Yonghao Wang,2026-04-09,14:17:57,-07:00,2026-04-09T14:17:57-07:00,0,0
style.css,99,css,14ab1eef,Yonghao Wang,2026-04-09,14:17:57,-07:00,2026-04-09T14:17:57-07:00,0,10
style.css,100,css,14ab1eef,Yonghao Wang,2026-04-09,14:17:57,-07:00,2026-04-09T14:17:57-07:00,0,13
style.css,101,css,14ab1eef,Yonghao Wang,2026-04-09,14:17:57,-07:00,2026-04-09T14:17:57-07:00,0,59
style.css,102,css,14ab1eef,Yonghao Wang,2026-04-09,14:17:57,-07:00,2026-04-09T14:17:57-07:00,0,8
style.css,103,css,14ab1eef,Yonghao Wang,2026-04-09,14:17:57,-07:00,2026-04-09T14:17:57-07:00,0,0
style.css,104,css,14ab1eef,Yonghao Wang,2026-04-09,14:17:57,-07:00,2026-04-09T14:17:57-07:00,0,0
style.css,105,css,14ab1eef,Yonghao Wang,2026-04-09,14:17:57,-07:00,2026-04-09T14:17:57-07:00,0,18
style.css,106,css,14ab1eef,Yonghao Wang,2026-04-09,14:17:57,-07:00,2026-04-09T14:17:57-07:00,0,13
style.css,107,css,6f8e2e1e,Yonghao Wang,2026-04-24,10:29:10,-07:00,2026-04-24T10:29:10-07:00,0,19
style.css,108,css,6f8e2e1e,Yonghao Wang,2026-04-24,10:29:10,-07:00,2026-04-24T10:29:10-07:00,0,6
style.css,109,css,6f8e2e1e,Yonghao Wang,2026-04-24,10:29:10,-07:00,2026-04-24T10:29:10-07:00,0,6
style.css,110,css,6f8e2e1e,Yonghao Wang,2026-04-24,10:29:10,-07:00,2026-04-24T10:29:10-07:00,0,5
style.css,111,css,6f8e2e1e,Yonghao Wang,2026-04-24,10:29:10,-07:00,2026-04-24T10:29:10-07:00,0,13
style.css,112,css,6f8e2e1e,Yonghao Wang,2026-04-24,10:29:10,-07:00,2026-04-24T10:29:10-07:00,0,11
style.css,113,css,6f8e2e1e,Yonghao Wang,2026-04-24,10:29:10,-07:00,2026-04-24T10:29:10-07:00,0,20
style.css,114,css,6f8e2e1e,Yonghao Wang,2026-04-24,10:29:10,-07:00,2026-04-24T10:29:10-07:00,0,12
style.css,115,css,6f8e2e1e,Yonghao Wang,2026-04-24,10:29:10,-07:00,2026-04-24T10:29:10-07:00,0,65
style.css,116,css,6f8e2e1e,Yonghao Wang,2026-04-24,10:29:10,-07:00,2026-04-24T10:29:10-07:00,0,21
style.css,117,css,6f8e2e1e,Yonghao Wang,2026-04-24,10:29:10,-07:00,2026-04-24T10:29:10-07:00,0,67
style.css,118,css,14ab1eef,Yonghao Wang,2026-04-09,14:17:57,-07:00,2026-04-09T14:17:57-07:00,0,0
style.css,119,css,14ab1eef,Yonghao Wang,2026-04-09,14:17:57,-07:00,2026-04-09T14:17:57-07:00,0,0
style.css,120,css,14ab1eef,Yonghao Wang,2026-04-09,14:17:57,-07:00,2026-04-09T14:17:57-07:00,0,21
style.css,121,css,14ab1eef,Yonghao Wang,2026-04-09,14:17:57,-07:00,2026-04-09T14:17:57-07:00,0,9
style.css,122,css,6f8e2e1e,Yonghao Wang,2026-04-24,10:29:10,-07:00,2026-04-24T10:29:10-07:00,0,16
style.css,123,css,6f8e2e1e,Yonghao Wang,2026-04-24,10:29:10,-07:00,2026-04-24T10:29:10-07:00,0,0
style.css,124,css,6f8e2e1e,Yonghao Wang,2026-04-24,10:29:10,-07:00,2026-04-24T10:29:10-07:00,0,0
style.css,125,css,6f8e2e1e,Yonghao Wang,2026-04-24,10:29:10,-07:00,2026-04-24T10:29:10-07:00,0,22
style.css,126,css,6f8e2e1e,Yonghao Wang,2026-04-24,10:29:10,-07:00,2026-04-24T10:29:10-07:00,0,16
style.css,127,css,6f8e2e1e,Yonghao Wang,2026-04-24,10:29:10,-07:00,2026-04-24T10:29:10-07:00,0,11
style.css,128,css,6f8e2e1e,Yonghao Wang,2026-04-24,10:29:10,-07:00,2026-04-24T10:29:10-07:00,0,14
style.css,129,css,6f8e2e1e,Yonghao Wang,2026-04-24,10:29:10,-07:00,2026-04-24T10:29:10-07:00,0,20
style.css,130,css,6f8e2e1e,Yonghao Wang,2026-04-24,10:29:10,-07:00,2026-04-24T10:29:10-07:00,0,0
style.css,131,css,6f8e2e1e,Yonghao Wang,2026-04-24,10:29:10,-07:00,2026-04-24T10:29:10-07:00,0,0
style.css,132,css,6f8e2e1e,Yonghao Wang,2026-04-24,10:29:10,-07:00,2026-04-24T10:29:10-07:00,0,20
style.css,133,css,6f8e2e1e,Yonghao Wang,2026-04-24,10:29:10,-07:00,2026-04-24T10:29:10-07:00,0,9
style.css,134,css,6f8e2e1e,Yonghao Wang,2026-04-24,10:29:10,-07:00,2026-04-24T10:29:10-07:00,0,0
style.css,135,css,6f8e2e1e,Yonghao Wang,2026-04-24,10:29:10,-07:00,2026-04-24T10:29:10-07:00,0,0
style.css,136,css,6f8e2e1e,Yonghao Wang,2026-04-24,10:29:10,-07:00,2026-04-24T10:29:10-07:00,0,34
style.css,137,css,6f8e2e1e,Yonghao Wang,2026-04-24,10:29:10,-07:00,2026-04-24T10:29:10-07:00,0,22
style.css,138,css,6f8e2e1e,Yonghao Wang,2026-04-24,10:29:10,-07:00,2026-04-24T10:29:10-07:00,0,0
style.css,139,css,6f8e2e1e,Yonghao Wang,2026-04-24,10:29:10,-07:00,2026-04-24T10:29:10-07:00,0,0
style.css,140,css,6f8e2e1e,Yonghao Wang,2026-04-24,10:29:10,-07:00,2026-04-24T10:29:10-07:00,0,33
style.css,141,css,6f8e2e1e,Yonghao Wang,2026-04-24,10:29:10,-07:00,2026-04-24T10:29:10-07:00,0,15
style.css,142,css,6f8e2e1e,Yonghao Wang,2026-04-24,10:29:10,-07:00,2026-04-24T10:29:10-07:00,0,16
style.css,143,css,6f8e2e1e,Yonghao Wang,2026-04-24,10:29:10,-07:00,2026-04-24T10:29:10-07:00,0,54
style.css,144,css,14ab1eef,Yonghao Wang,2026-04-09,14:17:57,-07:00,2026-04-09T14:17:57-07:00,0,0
style.css,145,css,14ab1eef,Yonghao Wang,2026-04-09,14:17:57,-07:00,2026-04-09T14:17:57-07:00,0,0
style.css,146,css,00000000,Not Committed Yet,2026-05-08,13:28:35,-07:00,2026-05-08T13:28:35-07:00,0,15
style.css,147,css,00000000,Not Committed Yet,2026-05-08,13:28:35,-07:00,2026-05-08T13:28:35-07:00,0,17
style.css,148,css,00000000,Not Committed Yet,2026-05-08,13:28:35,-07:00,2026-05-08T13:28:35-07:00,0,0
style.css,149,css,00000000,Not Committed Yet,2026-05-08,13:28:35,-07:00,2026-05-08T13:28:35-07:00,0,0
style.css,150,css,00000000,Not Committed Yet,2026-05-08,13:28:35,-07:00,2026-05-08T13:28:35-07:00,0,14
style.css,151,css,1229627e,Yonghao Wang,2026-05-01,13:49:19,-07:00,2026-05-01T13:49:19-07:00,0,13
style.css,152,css,1229627e,Yonghao Wang,2026-05-01,13:49:19,-07:00,2026-05-01T13:49:19-07:00,0,15
style.css,153,css,1229627e,Yonghao Wang,2026-05-01,13:49:19,-07:00,2026-05-01T13:49:19-07:00,0,11
style.css,154,css,1229627e,Yonghao Wang,2026-05-01,13:49:19,-07:00,2026-05-01T13:49:19-07:00,0,23
style.css,155,css,1229627e,Yonghao Wang,2026-05-01,13:49:19,-07:00,2026-05-01T13:49:19-07:00,0,0
style.css,156,css,1229627e,Yonghao Wang,2026-05-01,13:49:19,-07:00,2026-05-01T13:49:19-07:00,0,0
style.css,157,css,00000000,Not Committed Yet,2026-05-08,13:28:35,-07:00,2026-05-08T13:28:35-07:00,0,18
style.css,158,css,00000000,Not Committed Yet,2026-05-08,13:28:35,-07:00,2026-05-08T13:28:35-07:00,0,13
style.css,159,css,00000000,Not Committed Yet,2026-05-08,13:28:35,-07:00,2026-05-08T13:28:35-07:00,0,11
style.css,160,css,00000000,Not Committed Yet,2026-05-08,13:28:35,-07:00,2026-05-08T13:28:35-07:00,0,15
style.css,161,css,00000000,Not Committed Yet,2026-05-08,13:28:35,-07:00,2026-05-08T13:28:35-07:00,0,12
style.css,162,css,00000000,Not Committed Yet,2026-05-08,13:28:35,-07:00,2026-05-08T13:28:35-07:00,0,15
style.css,163,css,00000000,Not Committed Yet,2026-05-08,13:28:35,-07:00,2026-05-08T13:28:35-07:00,0,12
style.css,164,css,1229627e,Yonghao Wang,2026-05-01,13:49:19,-07:00,2026-05-01T13:49:19-07:00,0,17
style.css,165,css,1229627e,Yonghao Wang,2026-05-01,13:49:19,-07:00,2026-05-01T13:49:19-07:00,0,0
style.css,166,css,1229627e,Yonghao Wang,2026-05-01,13:49:19,-07:00,2026-05-01T13:49:19-07:00,0,0
style.css,167,css,00000000,Not Committed Yet,2026-05-08,13:28:35,-07:00,2026-05-08T13:28:35-07:00,0,7
style.css,168,css,00000000,Not Committed Yet,2026-05-08,13:28:35,-07:00,2026-05-08T13:28:35-07:00,0,19
style.css,169,css,1229627e,Yonghao Wang,2026-05-01,13:49:19,-07:00,2026-05-01T13:49:19-07:00,0,0
style.css,170,css,1229627e,Yonghao Wang,2026-05-01,13:49:19,-07:00,2026-05-01T13:49:19-07:00,0,0
style.css,171,css,00000000,Not Committed Yet,2026-05-08,13:28:35,-07:00,2026-05-08T13:28:35-07:00,0,7
style.css,172,css,00000000,Not Committed Yet,2026-05-08,13:28:35,-07:00,2026-05-08T13:28:35-07:00,0,13
style.css,173,css,00000000,Not Committed Yet,2026-05-08,13:28:35,-07:00,2026-05-08T13:28:35-07:00,0,38
style.css,174,css,00000000,Not Committed Yet,2026-05-08,13:28:35,-07:00,2026-05-08T13:28:35-07:00,0,15
style.css,175,css,00000000,Not Committed Yet,2026-05-08,13:28:35,-07:00,2026-05-08T13:28:35-07:00,0,17
style.css,176,css,1229627e,Yonghao Wang,2026-05-01,13:49:19,-07:00,2026-05-01T13:49:19-07:00,0,0
style.css,177,css,1229627e,Yonghao Wang,2026-05-01,13:49:19,-07:00,2026-05-01T13:49:19-07:00,0,0
style.css,178,css,00000000,Not Committed Yet,2026-05-08,13:28:35,-07:00,2026-05-08T13:28:35-07:00,0,10
style.css,179,css,00000000,Not Committed Yet,2026-05-08,13:28:35,-07:00,2026-05-08T13:28:35-07:00,0,16
style.css,180,css,1229627e,Yonghao Wang,2026-05-01,13:49:19,-07:00,2026-05-01T13:49:19-07:00,0,0
style.css,181,css,1229627e,Yonghao Wang,2026-05-01,13:49:19,-07:00,2026-05-01T13:49:19-07:00,0,0
style.css,182,css,00000000,Not Committed Yet,2026-05-08,13:28:35,-07:00,2026-05-08T13:28:35-07:00,0,10
style.css,183,css,00000000,Not Committed Yet,2026-05-08,13:28:35,-07:00,2026-05-08T13:28:35-07:00,0,9
style.css,184,css,1229627e,Yonghao Wang,2026-05-01,13:49:19,-07:00,2026-05-01T13:49:19-07:00,0,0
style.css,185,css,1229627e,Yonghao Wang,2026-05-01,13:49:19,-07:00,2026-05-01T13:49:19-07:00,0,0
style.css,186,css,00000000,Not Committed Yet,2026-05-08,13:28:35,-07:00,2026-05-08T13:28:35-07:00,0,14
style.css,187,css,1229627e,Yonghao Wang,2026-05-01,13:49:19,-07:00,2026-05-01T13:49:19-07:00,0,16
style.css,188,css,1229627e,Yonghao Wang,2026-05-01,13:49:19,-07:00,2026-05-01T13:49:19-07:00,0,9
style.css,189,css,1229627e,Yonghao Wang,2026-05-01,13:49:19,-07:00,2026-05-01T13:49:19-07:00,0,19
style.css,190,css,1229627e,Yonghao Wang,2026-05-01,13:49:19,-07:00,2026-05-01T13:49:19-07:00,0,65
style.css,191,css,00000000,Not Committed Yet,2026-05-08,13:28:35,-07:00,2026-05-08T13:28:35-07:00,0,20
style.css,192,css,1229627e,Yonghao Wang,2026-05-01,13:49:19,-07:00,2026-05-01T13:49:19-07:00,0,13
style.css,193,css,1229627e,Yonghao Wang,2026-05-01,13:49:19,-07:00,2026-05-01T13:49:19-07:00,0,10
style.css,194,css,1229627e,Yonghao Wang,2026-05-01,13:49:19,-07:00,2026-05-01T13:49:19-07:00,0,15
style.css,195,css,1229627e,Yonghao Wang,2026-05-01,13:49:19,-07:00,2026-05-01T13:49:19-07:00,0,0
style.css,196,css,1229627e,Yonghao Wang,2026-05-01,13:49:19,-07:00,2026-05-01T13:49:19-07:00,0,0
style.css,197,css,00000000,Not Committed Yet,2026-05-08,13:28:35,-07:00,2026-05-08T13:28:35-07:00,0,17
style.css,198,css,1229627e,Yonghao Wang,2026-05-01,13:49:19,-07:00,2026-05-01T13:49:19-07:00,0,13
style.css,199,css,1229627e,Yonghao Wang,2026-05-01,13:49:19,-07:00,2026-05-01T13:49:19-07:00,0,19
style.css,200,css,1229627e,Yonghao Wang,2026-05-01,13:49:19,-07:00,2026-05-01T13:49:19-07:00,0,10
style.css,201,css,1229627e,Yonghao Wang,2026-05-01,13:49:19,-07:00,2026-05-01T13:49:19-07:00,0,0
style.css,202,css,1229627e,Yonghao Wang,2026-05-01,13:49:19,-07:00,2026-05-01T13:49:19-07:00,0,0
style.css,203,css,00000000,Not Committed Yet,2026-05-08,13:28:35,-07:00,2026-05-08T13:28:35-07:00,0,22
style.css,204,css,1229627e,Yonghao Wang,2026-05-01,13:49:19,-07:00,2026-05-01T13:49:19-07:00,0,12
style.css,205,css,1229627e,Yonghao Wang,2026-05-01,13:49:19,-07:00,2026-05-01T13:49:19-07:00,0,13
style.css,206,css,1229627e,Yonghao Wang,2026-05-01,13:49:19,-07:00,2026-05-01T13:49:19-07:00,0,24
style.css,207,css,1229627e,Yonghao Wang,2026-05-01,13:49:19,-07:00,2026-05-01T13:49:19-07:00,0,65
style.css,208,css,1229627e,Yonghao Wang,2026-05-01,13:49:19,-07:00,2026-05-01T13:49:19-07:00,0,20
style.css,209,css,1229627e,Yonghao Wang,2026-05-01,13:49:19,-07:00,2026-05-01T13:49:19-07:00,0,14
style.css,210,css,1229627e,Yonghao Wang,2026-05-01,13:49:19,-07:00,2026-05-01T13:49:19-07:00,0,0
style.css,211,css,1229627e,Yonghao Wang,2026-05-01,13:49:19,-07:00,2026-05-01T13:49:19-07:00,0,0
style.css,212,css,00000000,Not Committed Yet,2026-05-08,13:28:35,-07:00,2026-05-08T13:28:35-07:00,0,5
style.css,213,css,00000000,Not Committed Yet,2026-05-08,13:28:35,-07:00,2026-05-08T13:28:35-07:00,0,27
style.css,214,css,00000000,Not Committed Yet,2026-05-08,13:28:35,-07:00,2026-05-08T13:28:35-07:00,0,0
style.css,215,css,00000000,Not Committed Yet,2026-05-08,13:28:35,-07:00,2026-05-08T13:28:35-07:00,0,0
style.css,216,css,00000000,Not Committed Yet,2026-05-08,13:28:35,-07:00,2026-05-08T13:28:35-07:00,0,12
style.css,217,css,00000000,Not Committed Yet,2026-05-08,13:28:35,-07:00,2026-05-08T13:28:35-07:00,0,16
style.css,218,css,00000000,Not Committed Yet,2026-05-08,13:28:35,-07:00,2026-05-08T13:28:35-07:00,0,16
style.css,219,css,00000000,Not Committed Yet,2026-05-08,13:28:35,-07:00,2026-05-08T13:28:35-07:00,0,18
style.css,220,css,00000000,Not Committed Yet,2026-05-08,13:28:35,-07:00,2026-05-08T13:28:35-07:00,0,0
style.css,221,css,00000000,Not Committed Yet,2026-05-08,13:28:35,-07:00,2026-05-08T13:28:35-07:00,0,0
style.css,222,css,00000000,Not Committed Yet,2026-05-08,13:28:35,-07:00,2026-05-08T13:28:35-07:00,0,12
style.css,223,css,00000000,Not Committed Yet,2026-05-08,13:28:35,-07:00,2026-05-08T13:28:35-07:00,0,17
style.css,224,css,00000000,Not Committed Yet,2026-05-08,13:28:35,-07:00,2026-05-08T13:28:35-07:00,0,18
style.css,225,css,00000000,Not Committed Yet,2026-05-08,13:28:35,-07:00,2026-05-08T13:28:35-07:00,0,18
style.css,226,css,00000000,Not Committed Yet,2026-05-08,13:28:35,-07:00,2026-05-08T13:28:35-07:00,0,0
style.css,227,css,00000000,Not Committed Yet,2026-05-08,13:28:35,-07:00,2026-05-08T13:28:35-07:00,0,0
style.css,228,css,00000000,Not Committed Yet,2026-05-08,13:28:35,-07:00,2026-05-08T13:28:35-07:00,0,20
style.css,229,css,00000000,Not Committed Yet,2026-05-08,13:28:35,-07:00,2026-05-08T13:28:35-07:00,0,20
style.css,230,css,00000000,Not Committed Yet,2026-05-08,13:28:35,-07:00,2026-05-08T13:28:35-07:00,0,15
style.css,231,css,00000000,Not Committed Yet,2026-05-08,13:28:35,-07:00,2026-05-08T13:28:35-07:00,0,0
style.css,232,css,00000000,Not Committed Yet,2026-05-08,13:28:35,-07:00,2026-05-08T13:28:35-07:00,0,0
style.css,233,css,00000000,Not Committed Yet,2026-05-08,13:28:35,-07:00,2026-05-08T13:28:35-07:00,0,17
style.css,234,css,00000000,Not Committed Yet,2026-05-08,13:28:35,-07:00,2026-05-08T13:28:35-07:00,0,20
style.css,235,css,00000000,Not Committed Yet,2026-05-08,13:28:35,-07:00,2026-05-08T13:28:35-07:00,0,17
style.css,236,css,00000000,Not Committed Yet,2026-05-08,13:28:35,-07:00,2026-05-08T13:28:35-07:00,0,0
style.css,237,css,00000000,Not Committed Yet,2026-05-08,13:28:35,-07:00,2026-05-08T13:28:35-07:00,0,0
style.css,238,css,00000000,Not Committed Yet,2026-05-08,13:28:35,-07:00,2026-05-08T13:28:35-07:00,0,18
style.css,239,css,00000000,Not Committed Yet,2026-05-08,13:28:35,-07:00,2026-05-08T13:28:35-07:00,0,18
style.css,240,css,00000000,Not Committed Yet,2026-05-08,13:28:35,-07:00,2026-05-08T13:28:35-07:00,0,0
style.css,241,css,00000000,Not Committed Yet,2026-05-08,13:28:35,-07:00,2026-05-08T13:28:35-07:00,0,0
style.css,242,css,00000000,Not Committed Yet,2026-05-08,13:28:35,-07:00,2026-05-08T13:28:35-07:00,0,7
style.css,243,css,00000000,Not Committed Yet,2026-05-08,13:28:35,-07:00,2026-05-08T13:28:35-07:00,0,24
style.css,244,css,00000000,Not Committed Yet,2026-05-08,13:28:35,-07:00,2026-05-08T13:28:35-07:00,0,16
style.css,245,css,00000000,Not Committed Yet,2026-05-08,13:28:35,-07:00,2026-05-08T13:28:35-07:00,0,0
style.css,246,css,00000000,Not Committed Yet,2026-05-08,13:28:35,-07:00,2026-05-08T13:28:35-07:00,0,0
style.css,247,css,00000000,Not Committed Yet,2026-05-08,13:28:35,-07:00,2026-05-08T13:28:35-07:00,0,16
style.css,248,css,00000000,Not Committed Yet,2026-05-08,13:28:35,-07:00,2026-05-08T13:28:35-07:00,0,55
style.css,249,css,00000000,Not Committed Yet,2026-05-08,13:28:35,-07:00,2026-05-08T13:28:35-07:00,0,21
style.css,250,css,00000000,Not Committed Yet,2026-05-08,13:28:35,-07:00,2026-05-08T13:28:35-07:00,0,0
style.css,251,css,00000000,Not Committed Yet,2026-05-08,13:28:35,-07:00,2026-05-08T13:28:35-07:00,0,0
style.css,252,css,00000000,Not Committed Yet,2026-05-08,13:28:35,-07:00,2026-05-08T13:28:35-07:00,0,16
style.css,253,css,00000000,Not Committed Yet,2026-05-08,13:28:35,-07:00,2026-05-08T13:28:35-07:00,0,13
style.css,254,css,00000000,Not Committed Yet,2026-05-08,13:28:35,-07:00,2026-05-08T13:28:35-07:00,0,0
style.css,255,css,00000000,Not Committed Yet,2026-05-08,13:28:35,-07:00,2026-05-08T13:28:35-07:00,0,0
style.css,256,css,00000000,Not Committed Yet,2026-05-08,13:28:35,-07:00,2026-05-08T13:28:35-07:00,0,13
style.css,257,css,00000000,Not Committed Yet,2026-05-08,13:28:35,-07:00,2026-05-08T13:28:35-07:00,0,23
style.css,258,css,00000000,Not Committed Yet,2026-05-08,13:28:35,-07:00,2026-05-08T13:28:35-07:00,0,24
style.css,259,css,00000000,Not Committed Yet,2026-05-08,13:28:35,-07:00,2026-05-08T13:28:35-07:00,0,82
style.css,260,css,00000000,Not Committed Yet,2026-05-08,13:28:35,-07:00,2026-05-08T13:28:35-07:00,0,19
style.css,261,css,00000000,Not Committed Yet,2026-05-08,13:28:35,-07:00,2026-05-08T13:28:35-07:00,0,0
style.css,262,css,00000000,Not Committed Yet,2026-05-08,13:28:35,-07:00,2026-05-08T13:28:35-07:00,0,0
style.css,263,css,00000000,Not Committed Yet,2026-05-08,13:28:35,-07:00,2026-05-08T13:28:35-07:00,0,19
style.css,264,css,00000000,Not Committed Yet,2026-05-08,13:28:35,-07:00,2026-05-08T13:28:35-07:00,0,21
style.css,265,css,00000000,Not Committed Yet,2026-05-08,13:28:35,-07:00,2026-05-08T13:28:35-07:00,0,0
style.css,266,css,00000000,Not Committed Yet,2026-05-08,13:28:35,-07:00,2026-05-08T13:28:35-07:00,0,0
style.css,267,css,00000000,Not Committed Yet,2026-05-08,13:28:35,-07:00,2026-05-08T13:28:35-07:00,0,22
style.css,268,css,00000000,Not Committed Yet,2026-05-08,13:28:35,-07:00,2026-05-08T13:28:35-07:00,0,25
style.css,269,css,00000000,Not Committed Yet,2026-05-08,13:28:35,-07:00,2026-05-08T13:28:35-07:00,0,20
style.css,270,css,00000000,Not Committed Yet,2026-05-08,13:28:35,-07:00,2026-05-08T13:28:35-07:00,0,17
style.css,271,css,00000000,Not Committed Yet,2026-05-08,13:28:35,-07:00,2026-05-08T13:28:35-07:00,0,26
style.css,272,css,00000000,Not Committed Yet,2026-05-08,13:28:35,-07:00,2026-05-08T13:28:35-07:00,0,0
style.css,273,css,00000000,Not Committed Yet,2026-05-08,13:28:35,-07:00,2026-05-08T13:28:35-07:00,0,0
style.css,274,css,00000000,Not Committed Yet,2026-05-08,13:28:35,-07:00,2026-05-08T13:28:35-07:00,0,18
style.css,275,css,00000000,Not Committed Yet,2026-05-08,13:28:35,-07:00,2026-05-08T13:28:35-07:00,0,25
style.css,276,css,00000000,Not Committed Yet,2026-05-08,13:28:35,-07:00,2026-05-08T13:28:35-07:00,0,18
style.css,277,css,00000000,Not Committed Yet,2026-05-08,13:28:35,-07:00,2026-05-08T13:28:35-07:00,0,20
style.css,278,css,00000000,Not Committed Yet,2026-05-08,13:28:35,-07:00,2026-05-08T13:28:35-07:00,0,0
style.css,279,css,00000000,Not Committed Yet,2026-05-08,13:28:35,-07:00,2026-05-08T13:28:35-07:00,0,0
style.css,280,css,00000000,Not Committed Yet,2026-05-08,13:28:35,-07:00,2026-05-08T13:28:35-07:00,0,9
style.css,281,css,00000000,Not Committed Yet,2026-05-08,13:28:35,-07:00,2026-05-08T13:28:35-07:00,0,15
style.css,282,css,00000000,Not Committed Yet,2026-05-08,13:28:35,-07:00,2026-05-08T13:28:35-07:00,0,11
style.css,283,css,00000000,Not Committed Yet,2026-05-08,13:28:35,-07:00,2026-05-08T13:28:35-07:00,0,41
style.css,284,css,00000000,Not Committed Yet,2026-05-08,13:28:35,-07:00,2026-05-08T13:28:35-07:00,0,21
style.css,285,css,00000000,Not Committed Yet,2026-05-08,13:28:35,-07:00,2026-05-08T13:28:35-07:00,0,65
style.css,286,css,00000000,Not Committed Yet,2026-05-08,13:28:35,-07:00,2026-05-08T13:28:35-07:00,0,20
style.css,287,css,00000000,Not Committed Yet,2026-05-08,13:28:35,-07:00,2026-05-08T13:28:35-07:00,0,18
style.css,288,css,00000000,Not Committed Yet,2026-05-08,13:28:35,-07:00,2026-05-08T13:28:35-07:00,0,17
style.css,289,css,00000000,Not Committed Yet,2026-05-08,13:28:35,-07:00,2026-05-08T13:28:35-07:00,0,74
style.css,290,css,00000000,Not Committed Yet,2026-05-08,13:28:35,-07:00,2026-05-08T13:28:35-07:00,0,10
style.css,291,css,00000000,Not Committed Yet,2026-05-08,13:28:35,-07:00,2026-05-08T13:28:35-07:00,0,20
style.css,292,css,00000000,Not Committed Yet,2026-05-08,13:28:35,-07:00,2026-05-08T13:28:35-07:00,0,30
style.css,293,css,00000000,Not Committed Yet,2026-05-08,13:28:35,-07:00,2026-05-08T13:28:35-07:00,0,0
style.css,294,css,00000000,Not Committed Yet,2026-05-08,13:28:35,-07:00,2026-05-08T13:28:35-07:00,0,0
style.css,295,css,00000000,Not Committed Yet,2026-05-08,13:28:35,-07:00,2026-05-08T13:28:35-07:00,0,17
style.css,296,css,00000000,Not Committed Yet,2026-05-08,13:28:35,-07:00,2026-05-08T13:28:35-07:00,0,10
style.css,297,css,00000000,Not Committed Yet,2026-05-08,13:28:35,-07:00,2026-05-08T13:28:35-07:00,0,0
style.css,298,css,00000000,Not Committed Yet,2026-05-08,13:28:35,-07:00,2026-05-08T13:28:35-07:00,0,0
style.css,299,css,00000000,Not Committed Yet,2026-05-08,13:28:35,-07:00,2026-05-08T13:28:35-07:00,0,12
style.css,300,css,00000000,Not Committed Yet,2026-05-08,13:28:35,-07:00,2026-05-08T13:28:35-07:00,0,13
style.css,301,css,00000000,Not Committed Yet,2026-05-08,13:28:35,-07:00,2026-05-08T13:28:35-07:00,0,38
style.css,302,css,00000000,Not Committed Yet,2026-05-08,13:28:35,-07:00,2026-05-08T13:28:35-07:00,0,18
style.css,303,css,00000000,Not Committed Yet,2026-05-08,13:28:35,-07:00,2026-05-08T13:28:35-07:00,0,9
style.css,304,css,00000000,Not Committed Yet,2026-05-08,13:28:35,-07:00,2026-05-08T13:28:35-07:00,0,0
style.css,305,css,00000000,Not Committed Yet,2026-05-08,13:28:35,-07:00,2026-05-08T13:28:35-07:00,0,0
style.css,306,css,00000000,Not Committed Yet,2026-05-08,13:28:35,-07:00,2026-05-08T13:28:35-07:00,0,12
style.css,307,css,00000000,Not Committed Yet,2026-05-08,13:28:35,-07:00,2026-05-08T13:28:35-07:00,0,16
style.css,308,css,00000000,Not Committed Yet,2026-05-08,13:28:35,-07:00,2026-05-08T13:28:35-07:00,0,0
style.css,309,css,00000000,Not Committed Yet,2026-05-08,13:28:35,-07:00,2026-05-08T13:28:35-07:00,0,0
style.css,310,css,00000000,Not Committed Yet,2026-05-08,13:28:35,-07:00,2026-05-08T13:28:35-07:00,0,12
style.css,311,css,00000000,Not Committed Yet,2026-05-08,13:28:35,-07:00,2026-05-08T13:28:35-07:00,0,9
style.css,312,css,00000000,Not Committed Yet,2026-05-08,13:28:35,-07:00,2026-05-08T13:28:35-07:00,0,0
style.css,313,css,00000000,Not Committed Yet,2026-05-08,13:28:35,-07:00,2026-05-08T13:28:35-07:00,0,0
style.css,314,css,00000000,Not Committed Yet,2026-05-08,13:28:35,-07:00,2026-05-08T13:28:35-07:00,0,17
style.css,315,css,00000000,Not Committed Yet,2026-05-08,13:28:35,-07:00,2026-05-08T13:28:35-07:00,0,16
style.css,316,css,00000000,Not Committed Yet,2026-05-08,13:28:35,-07:00,2026-05-08T13:28:35-07:00,0,0
style.css,317,css,00000000,Not Committed Yet,2026-05-08,13:28:35,-07:00,2026-05-08T13:28:35-07:00,0,0
style.css,318,css,1229627e,Yonghao Wang,2026-05-01,13:49:19,-07:00,2026-05-01T13:49:19-07:00,0,17
style.css,319,css,1229627e,Yonghao Wang,2026-05-01,13:49:19,-07:00,2026-05-01T13:49:19-07:00,0,16
style.css,320,css,1229627e,Yonghao Wang,2026-05-01,13:49:19,-07:00,2026-05-01T13:49:19-07:00,0,21
style.css,321,css,1229627e,Yonghao Wang,2026-05-01,13:49:19,-07:00,2026-05-01T13:49:19-07:00,0,0
style.css,322,css,1229627e,Yonghao Wang,2026-05-01,13:49:19,-07:00,2026-05-01T13:49:19-07:00,0,0
style.css,323,css,1229627e,Yonghao Wang,2026-05-01,13:49:19,-07:00,2026-05-01T13:49:19-07:00,0,26
style.css,324,css,00000000,Not Committed Yet,2026-05-08,13:28:35,-07:00,2026-05-08T13:28:35-07:00,0,14
style.css,325,css,1229627e,Yonghao Wang,2026-05-01,13:49:19,-07:00,2026-05-01T13:49:19-07:00,0,22
style.css,326,css,1229627e,Yonghao Wang,2026-05-01,13:49:19,-07:00,2026-05-01T13:49:19-07:00,0,0
style.css,327,css,00000000,Not Committed Yet,2026-05-08,13:28:35,-07:00,2026-05-08T13:28:35-07:00,0,0
style.css,328,css,00000000,Not Committed Yet,2026-05-08,13:28:35,-07:00,2026-05-08T13:28:35-07:00,0,18
style.css,329,css,00000000,Not Committed Yet,2026-05-08,13:28:35,-07:00,2026-05-08T13:28:35-07:00,0,13
style.css,330,css,00000000,Not Committed Yet,2026-05-08,13:28:35,-07:00,2026-05-08T13:28:35-07:00,0,11
style.css,331,css,00000000,Not Committed Yet,2026-05-08,13:28:35,-07:00,2026-05-08T13:28:35-07:00,0,16
style.css,332,css,00000000,Not Committed Yet,2026-05-08,13:28:35,-07:00,2026-05-08T13:28:35-07:00,0,0
style.css,333,css,00000000,Not Committed Yet,2026-05-08,13:28:35,-07:00,2026-05-08T13:28:35-07:00,0,0
style.css,334,css,00000000,Not Committed Yet,2026-05-08,13:28:35,-07:00,2026-05-08T13:28:35-07:00,0,6
style.css,335,css,00000000,Not Committed Yet,2026-05-08,13:28:35,-07:00,2026-05-08T13:28:35-07:00,0,12
style.css,336,css,00000000,Not Committed Yet,2026-05-08,13:28:35,-07:00,2026-05-08T13:28:35-07:00,0,26
style.css,337,css,00000000,Not Committed Yet,2026-05-08,13:28:35,-07:00,2026-05-08T13:28:35-07:00,0,0
style.css,338,css,1229627e,Yonghao Wang,2026-05-01,13:49:19,-07:00,2026-05-01T13:49:19-07:00,0,0
style.css,339,css,1229627e,Yonghao Wang,2026-05-01,13:49:19,-07:00,2026-05-01T13:49:19-07:00,0,0
style.css,340,css,14ab1eef,Yonghao Wang,2026-04-09,14:17:57,-07:00,2026-04-09T14:17:57-07:00,0,2
style.css,341,css,14ab1eef,Yonghao Wang,2026-04-09,14:17:57,-07:00,2026-04-09T14:17:57-07:00,0,2
style.css,342,css,14ab1eef,Yonghao Wang,2026-04-09,14:17:57,-07:00,2026-04-09T14:17:57-07:00,0,2
style.css,343,css,14ab1eef,Yonghao Wang,2026-04-09,14:17:57,-07:00,2026-04-09T14:17:57-07:00,0,2
style.css,344,css,14ab1eef,Yonghao Wang,2026-04-09,14:17:57,-07:00,2026-04-09T14:17:57-07:00,0,2
style.css,345,css,14ab1eef,Yonghao Wang,2026-04-09,14:17:57,-07:00,2026-04-09T14:17:57-07:00,0,3
style.css,346,css,14ab1eef,Yonghao Wang,2026-04-09,14:17:57,-07:00,2026-04-09T14:17:57-07:00,0,16
style.css,347,css,14ab1eef,Yonghao Wang,2026-04-09,14:17:57,-07:00,2026-04-09T14:17:57-07:00,0,18
style.css,348,css,14ab1eef,Yonghao Wang,2026-04-09,14:17:57,-07:00,2026-04-09T14:17:57-07:00,0,0
style.css,349,css,14ab1eef,Yonghao Wang,2026-04-09,14:17:57,-07:00,2026-04-09T14:17:57-07:00,0,0
style.css,350,css,14ab1eef,Yonghao Wang,2026-04-09,14:17:57,-07:00,2026-04-09T14:17:57-07:00,0,3
style.css,351,css,14ab1eef,Yonghao Wang,2026-04-09,14:17:57,-07:00,2026-04-09T14:17:57-07:00,0,15
style.css,352,css,14ab1eef,Yonghao Wang,2026-04-09,14:17:57,-07:00,2026-04-09T14:17:57-07:00,0,0
style.css,353,css,14ab1eef,Yonghao Wang,2026-04-09,14:17:57,-07:00,2026-04-09T14:17:57-07:00,0,0
style.css,354,css,6f8e2e1e,Yonghao Wang,2026-04-24,10:29:10,-07:00,2026-04-24T10:29:10-07:00,0,15
style.css,355,css,6f8e2e1e,Yonghao Wang,2026-04-24,10:29:10,-07:00,2026-04-24T10:29:10-07:00,0,15
style.css,356,css,6f8e2e1e,Yonghao Wang,2026-04-24,10:29:10,-07:00,2026-04-24T10:29:10-07:00,0,12
style.css,357,css,6f8e2e1e,Yonghao Wang,2026-04-24,10:29:10,-07:00,2026-04-24T10:29:10-07:00,0,65
style.css,358,css,6f8e2e1e,Yonghao Wang,2026-04-24,10:29:10,-07:00,2026-04-24T10:29:10-07:00,0,21
style.css,359,css,6f8e2e1e,Yonghao Wang,2026-04-24,10:29:10,-07:00,2026-04-24T10:29:10-07:00,0,67
style.css,360,css,6f8e2e1e,Yonghao Wang,2026-04-24,10:29:10,-07:00,2026-04-24T10:29:10-07:00,0,0
style.css,361,css,6f8e2e1e,Yonghao Wang,2026-04-24,10:29:10,-07:00,2026-04-24T10:29:10-07:00,0,0
style.css,362,css,6f8e2e1e,Yonghao Wang,2026-04-24,10:29:10,-07:00,2026-04-24T10:29:10-07:00,0,18
style.css,363,css,6f8e2e1e,Yonghao Wang,2026-04-24,10:29:10,-07:00,2026-04-24T10:29:10-07:00,0,13
style.css,364,css,6f8e2e1e,Yonghao Wang,2026-04-24,10:29:10,-07:00,2026-04-24T10:29:10-07:00,0,38
style.css,365,css,6f8e2e1e,Yonghao Wang,2026-04-24,10:29:10,-07:00,2026-04-24T10:29:10-07:00,0,15
style.css,366,css,6f8e2e1e,Yonghao Wang,2026-04-24,10:29:10,-07:00,2026-04-24T10:29:10-07:00,0,9
style.css,367,css,6f8e2e1e,Yonghao Wang,2026-04-24,10:29:10,-07:00,2026-04-24T10:29:10-07:00,0,19
style.css,368,css,6f8e2e1e,Yonghao Wang,2026-04-24,10:29:10,-07:00,2026-04-24T10:29:10-07:00,0,0
style.css,369,css,6f8e2e1e,Yonghao Wang,2026-04-24,10:29:10,-07:00,2026-04-24T10:29:10-07:00,0,0
style.css,370,css,6f8e2e1e,Yonghao Wang,2026-04-24,10:29:10,-07:00,2026-04-24T10:29:10-07:00,0,18
style.css,371,css,6f8e2e1e,Yonghao Wang,2026-04-24,10:29:10,-07:00,2026-04-24T10:29:10-07:00,0,16
style.css,372,css,6f8e2e1e,Yonghao Wang,2026-04-24,10:29:10,-07:00,2026-04-24T10:29:10-07:00,0,0
style.css,373,css,6f8e2e1e,Yonghao Wang,2026-04-24,10:29:10,-07:00,2026-04-24T10:29:10-07:00,0,0
style.css,374,css,6f8e2e1e,Yonghao Wang,2026-04-24,10:29:10,-07:00,2026-04-24T10:29:10-07:00,0,18
style.css,375,css,6f8e2e1e,Yonghao Wang,2026-04-24,10:29:10,-07:00,2026-04-24T10:29:10-07:00,0,9
style.css,376,css,6f8e2e1e,Yonghao Wang,2026-04-24,10:29:10,-07:00,2026-04-24T10:29:10-07:00,0,17
style.css,377,css,6f8e2e1e,Yonghao Wang,2026-04-24,10:29:10,-07:00,2026-04-24T10:29:10-07:00,0,0
style.css,378,css,6f8e2e1e,Yonghao Wang,2026-04-24,10:29:10,-07:00,2026-04-24T10:29:10-07:00,0,0
style.css,379,css,6f8e2e1e,Yonghao Wang,2026-04-24,10:29:10,-07:00,2026-04-24T10:29:10-07:00,0,26
style.css,380,css,6f8e2e1e,Yonghao Wang,2026-04-24,10:29:10,-07:00,2026-04-24T10:29:10-07:00,0,18
style.css,381,css,6f8e2e1e,Yonghao Wang,2026-04-24,10:29:10,-07:00,2026-04-24T10:29:10-07:00,0,26
style.css,382,css,6f8e2e1e,Yonghao Wang,2026-04-24,10:29:10,-07:00,2026-04-24T10:29:10-07:00,0,11
style.css,383,css,6f8e2e1e,Yonghao Wang,2026-04-24,10:29:10,-07:00,2026-04-24T10:29:10-07:00,0,0
style.css,384,css,6f8e2e1e,Yonghao Wang,2026-04-24,10:29:10,-07:00,2026-04-24T10:29:10-07:00,0,0
style.css,385,css,6f8e2e1e,Yonghao Wang,2026-04-24,10:29:10,-07:00,2026-04-24T10:29:10-07:00,0,0
style.css,386,css,14ab1eef,Yonghao Wang,2026-04-09,14:17:57,-07:00,2026-04-09T14:17:57-07:00,0,26
style.css,387,css,14ab1eef,Yonghao Wang,2026-04-09,14:17:57,-07:00,2026-04-09T14:17:57-07:00,0,0
style.css,388,css,14ab1eef,Yonghao Wang,2026-04-09,14:17:57,-07:00,2026-04-09T14:17:57-07:00,0,7
style.css,389,css,14ab1eef,Yonghao Wang,2026-04-09,14:17:57,-07:00,2026-04-09T14:17:57-07:00,0,16
style.css,390,css,14ab1eef,Yonghao Wang,2026-04-09,14:17:57,-07:00,2026-04-09T14:17:57-07:00,0,0
style.css,391,css,14ab1eef,Yonghao Wang,2026-04-09,14:17:57,-07:00,2026-04-09T14:17:57-07:00,0,0
style.css,392,css,14ab1eef,Yonghao Wang,2026-04-09,14:17:57,-07:00,2026-04-09T14:17:57-07:00,0,8
style.css,393,css,14ab1eef,Yonghao Wang,2026-04-09,14:17:57,-07:00,2026-04-09T14:17:57-07:00,0,17
style.css,394,css,14ab1eef,Yonghao Wang,2026-04-09,14:17:57,-07:00,2026-04-09T14:17:57-07:00,0,0
style.css,395,css,14ab1eef,Yonghao Wang,2026-04-09,14:17:57,-07:00,2026-04-09T14:17:57-07:00,0,0
style.css,396,css,14ab1eef,Yonghao Wang,2026-04-09,14:17:57,-07:00,2026-04-09T14:17:57-07:00,0,11
style.css,397,css,9b071323,Yonghao Wang,2026-04-14,15:42:14,-07:00,2026-04-14T15:42:14-07:00,0,72
style.css,398,css,14ab1eef,Yonghao Wang,2026-04-09,14:17:57,-07:00,2026-04-09T14:17:57-07:00,0,21
style.css,399,css,14ab1eef,Yonghao Wang,2026-04-09,14:17:57,-07:00,2026-04-09T14:17:57-07:00,0,21
style.css,400,css,14ab1eef,Yonghao Wang,2026-04-09,14:17:57,-07:00,2026-04-09T14:17:57-07:00,0,0
style.css,401,css,14ab1eef,Yonghao Wang,2026-04-09,14:17:57,-07:00,2026-04-09T14:17:57-07:00,0,0
style.css,402,css,14ab1eef,Yonghao Wang,2026-04-09,14:17:57,-07:00,2026-04-09T14:17:57-07:00,0,16
style.css,403,css,14ab1eef,Yonghao Wang,2026-04-09,14:17:57,-07:00,2026-04-09T14:17:57-07:00,0,20
style.css,404,css,14ab1eef,Yonghao Wang,2026-04-09,14:17:57,-07:00,2026-04-09T14:17:57-07:00,0,0
style.css,405,css,14ab1eef,Yonghao Wang,2026-04-09,14:17:57,-07:00,2026-04-09T14:17:57-07:00,0,0
style.css,406,css,14ab1eef,Yonghao Wang,2026-04-09,14:17:57,-07:00,2026-04-09T14:17:57-07:00,0,10
style.css,407,css,14ab1eef,Yonghao Wang,2026-04-09,14:17:57,-07:00,2026-04-09T14:17:57-07:00,0,16
style.css,408,css,14ab1eef,Yonghao Wang,2026-04-09,14:17:57,-07:00,2026-04-09T14:17:57-07:00,0,0
style.css,409,css,14ab1eef,Yonghao Wang,2026-04-09,14:17:57,-07:00,2026-04-09T14:17:57-07:00,0,0
style.css,410,css,14ab1eef,Yonghao Wang,2026-04-09,14:17:57,-07:00,2026-04-09T14:17:57-07:00,0,3
style.css,411,css,14ab1eef,Yonghao Wang,2026-04-09,14:17:57,-07:00,2026-04-09T14:17:57-07:00,0,19
style.css,412,css,14ab1eef,Yonghao Wang,2026-04-09,14:17:57,-07:00,2026-04-09T14:17:57-07:00,0,0
style.css,413,css,14ab1eef,Yonghao Wang,2026-04-09,14:17:57,-07:00,2026-04-09T14:17:57-07:00,0,0
style.css,414,css,14ab1eef,Yonghao Wang,2026-04-09,14:17:57,-07:00,2026-04-09T14:17:57-07:00,0,8
style.css,415,css,14ab1eef,Yonghao Wang,2026-04-09,14:17:57,-07:00,2026-04-09T14:17:57-07:00,0,18
style.css,416,css,14ab1eef,Yonghao Wang,2026-04-09,14:17:57,-07:00,2026-04-09T14:17:57-07:00,0,0
style.css,417,css,14ab1eef,Yonghao Wang,2026-04-09,14:17:57,-07:00,2026-04-09T14:17:57-07:00,0,0
style.css,418,css,14ab1eef,Yonghao Wang,2026-04-09,14:17:57,-07:00,2026-04-09T14:17:57-07:00,0,5
style.css,419,css,14ab1eef,Yonghao Wang,2026-04-09,14:17:57,-07:00,2026-04-09T14:17:57-07:00,0,18
style.css,420,css,9b071323,Yonghao Wang,2026-04-14,15:42:14,-07:00,2026-04-14T15:42:14-07:00,0,54
style.css,421,css,14ab1eef,Yonghao Wang,2026-04-09,14:17:57,-07:00,2026-04-09T14:17:57-07:00,0,0
style.css,422,css,14ab1eef,Yonghao Wang,2026-04-09,14:17:57,-07:00,2026-04-09T14:17:57-07:00,0,0
style.css,423,css,14ab1eef,Yonghao Wang,2026-04-09,14:17:57,-07:00,2026-04-09T14:17:57-07:00,0,14
style.css,424,css,14ab1eef,Yonghao Wang,2026-04-09,14:17:57,-07:00,2026-04-09T14:17:57-07:00,0,22
style.css,425,css,9b071323,Yonghao Wang,2026-04-14,15:42:14,-07:00,2026-04-14T15:42:14-07:00,0,73
style.css,426,css,14ab1eef,Yonghao Wang,2026-04-09,14:17:57,-07:00,2026-04-09T14:17:57-07:00,0,15
style.css,427,css,14ab1eef,Yonghao Wang,2026-04-09,14:17:57,-07:00,2026-04-09T14:17:57-07:00,0,20
style.css,428,css,14ab1eef,Yonghao Wang,2026-04-09,14:17:57,-07:00,2026-04-09T14:17:57-07:00,0,0
style.css,429,css,14ab1eef,Yonghao Wang,2026-04-09,14:17:57,-07:00,2026-04-09T14:17:57-07:00,0,0
style.css,430,css,14ab1eef,Yonghao Wang,2026-04-09,14:17:57,-07:00,2026-04-09T14:17:57-07:00,0,25
style.css,431,css,14ab1eef,Yonghao Wang,2026-04-09,14:17:57,-07:00,2026-04-09T14:17:57-07:00,0,19
style.css,432,css,14ab1eef,Yonghao Wang,2026-04-09,14:17:57,-07:00,2026-04-09T14:17:57-07:00,0,17
style.css,433,css,14ab1eef,Yonghao Wang,2026-04-09,14:17:57,-07:00,2026-04-09T14:17:57-07:00,0,20
style.css,434,css,14ab1eef,Yonghao Wang,2026-04-09,14:17:57,-07:00,2026-04-09T14:17:57-07:00,0,0
style.css,435,css,14ab1eef,Yonghao Wang,2026-04-09,14:17:57,-07:00,2026-04-09T14:17:57-07:00,0,0
style.css,436,css,14ab1eef,Yonghao Wang,2026-04-09,14:17:57,-07:00,2026-04-09T14:17:57-07:00,0,26
style.css,437,css,14ab1eef,Yonghao Wang,2026-04-09,14:17:57,-07:00,2026-04-09T14:17:57-07:00,0,23
style.css,438,css,14ab1eef,Yonghao Wang,2026-04-09,14:17:57,-07:00,2026-04-09T14:17:57-07:00,0,13
style.css,439,css,14ab1eef,Yonghao Wang,2026-04-09,14:17:57,-07:00,2026-04-09T14:17:57-07:00,0,37
style.css,440,css,14ab1eef,Yonghao Wang,2026-04-09,14:17:57,-07:00,2026-04-09T14:17:57-07:00,0,12
style.css,441,css,14ab1eef,Yonghao Wang,2026-04-09,14:17:57,-07:00,2026-04-09T14:17:57-07:00,0,0
style.css,442,css,14ab1eef,Yonghao Wang,2026-04-09,14:17:57,-07:00,2026-04-09T14:17:57-07:00,0,0
style.css,443,css,14ab1eef,Yonghao Wang,2026-04-09,14:17:57,-07:00,2026-04-09T14:17:57-07:00,0,28
style.css,444,css,14ab1eef,Yonghao Wang,2026-04-09,14:17:57,-07:00,2026-04-09T14:17:57-07:00,0,19
style.css,445,css,14ab1eef,Yonghao Wang,2026-04-09,14:17:57,-07:00,2026-04-09T14:17:57-07:00,0,0
style.css,446,css,6f8e2e1e,Yonghao Wang,2026-04-24,10:29:10,-07:00,2026-04-24T10:29:10-07:00,0,0
index.js,1,js,6f8e2e1e,Yonghao Wang,2026-04-24,10:29:10,-07:00,2026-04-24T10:29:10-07:00,0,72
index.js,2,js,6f8e2e1e,Yonghao Wang,2026-04-24,10:29:10,-07:00,2026-04-24T10:29:10-07:00,0,0
index.js,3,js,6f8e2e1e,Yonghao Wang,2026-04-24,10:29:10,-07:00,2026-04-24T10:29:10-07:00,0,55
index.js,4,js,6f8e2e1e,Yonghao Wang,2026-04-24,10:29:10,-07:00,2026-04-24T10:29:10-07:00,0,43
index.js,5,js,6f8e2e1e,Yonghao Wang,2026-04-24,10:29:10,-07:00,2026-04-24T10:29:10-07:00,0,61
index.js,6,js,6f8e2e1e,Yonghao Wang,2026-04-24,10:29:10,-07:00,2026-04-24T10:29:10-07:00,0,55
index.js,7,js,6f8e2e1e,Yonghao Wang,2026-04-24,10:29:10,-07:00,2026-04-24T10:29:10-07:00,0,61
index.js,8,js,6f8e2e1e,Yonghao Wang,2026-04-24,10:29:10,-07:00,2026-04-24T10:29:10-07:00,0,0
index.js,9,js,6f8e2e1e,Yonghao Wang,2026-04-24,10:29:10,-07:00,2026-04-24T10:29:10-07:00,0,55
index.js,10,js,6f8e2e1e,Yonghao Wang,2026-04-24,10:29:10,-07:00,2026-04-24T10:29:10-07:00,0,0
index.js,11,js,6f8e2e1e,Yonghao Wang,2026-04-24,10:29:10,-07:00,2026-04-24T10:29:10-07:00,0,18
index.js,12,js,6f8e2e1e,Yonghao Wang,2026-04-24,10:29:10,-07:00,2026-04-24T10:29:10-07:00,0,25
index.js,13,js,6f8e2e1e,Yonghao Wang,2026-04-24,10:29:10,-07:00,2026-04-24T10:29:10-07:00,0,3
index.js,14,js,6f8e2e1e,Yonghao Wang,2026-04-24,10:29:10,-07:00,2026-04-24T10:29:10-07:00,0,56
index.js,15,js,6f8e2e1e,Yonghao Wang,2026-04-24,10:29:10,-07:00,2026-04-24T10:29:10-07:00,0,56
index.js,16,js,6f8e2e1e,Yonghao Wang,2026-04-24,10:29:10,-07:00,2026-04-24T10:29:10-07:00,0,50
index.js,17,js,6f8e2e1e,Yonghao Wang,2026-04-24,10:29:10,-07:00,2026-04-24T10:29:10-07:00,0,50
index.js,18,js,6f8e2e1e,Yonghao Wang,2026-04-24,10:29:10,-07:00,2026-04-24T10:29:10-07:00,0,4
index.js,19,js,6f8e2e1e,Yonghao Wang,2026-04-24,10:29:10,-07:00,2026-04-24T10:29:10-07:00,0,1
index.js,20,js,6f8e2e1e,Yonghao Wang,2026-04-24,10:29:10,-07:00,2026-04-24T10:29:10-07:00,0,0
index.html,1,html,18d47cb2,Yonghao Wang,2026-04-02,18:40:48,-07:00,2026-04-02T18:40:48-07:00,0,14
index.html,2,html,18d47cb2,Yonghao Wang,2026-04-02,18:40:48,-07:00,2026-04-02T18:40:48-07:00,0,15
index.html,3,html,18d47cb2,Yonghao Wang,2026-04-02,18:40:48,-07:00,2026-04-02T18:40:48-07:00,0,5
index.html,4,html,9b071323,Yonghao Wang,2026-04-14,15:42:14,-07:00,2026-04-14T15:42:14-07:00,0,46
index.html,5,html,18d47cb2,Yonghao Wang,2026-04-02,18:40:48,-07:00,2026-04-02T18:40:48-07:00,0,21
index.html,6,html,18d47cb2,Yonghao Wang,2026-04-02,18:40:48,-07:00,2026-04-02T18:40:48-07:00,0,69
index.html,7,html,18d47cb2,Yonghao Wang,2026-04-02,18:40:48,-07:00,2026-04-02T18:40:48-07:00,0,55
index.html,8,html,806628a4,Yonghao Wang,2026-04-02,19:11:45,-07:00,2026-04-02T19:11:45-07:00,0,39
index.html,9,html,18d47cb2,Yonghao Wang,2026-04-02,18:40:48,-07:00,2026-04-02T18:40:48-07:00,0,6
index.html,10,html,18d47cb2,Yonghao Wang,2026-04-02,18:40:48,-07:00,2026-04-02T18:40:48-07:00,0,5
index.html,11,html,18d47cb2,Yonghao Wang,2026-04-02,18:40:48,-07:00,2026-04-02T18:40:48-07:00,0,20
index.html,12,html,806628a4,Yonghao Wang,2026-04-02,19:11:45,-07:00,2026-04-02T19:11:45-07:00,0,0
index.html,13,html,18d47cb2,Yonghao Wang,2026-04-02,18:40:48,-07:00,2026-04-02T18:40:48-07:00,0,2
index.html,14,html,18d47cb2,Yonghao Wang,2026-04-02,18:40:48,-07:00,2026-04-02T18:40:48-07:00,0,74
index.html,15,html,18d47cb2,Yonghao Wang,2026-04-02,18:40:48,-07:00,2026-04-02T18:40:48-07:00,0,81
index.html,16,html,18d47cb2,Yonghao Wang,2026-04-02,18:40:48,-07:00,2026-04-02T18:40:48-07:00,0,29
index.html,17,html,18d47cb2,Yonghao Wang,2026-04-02,18:40:48,-07:00,2026-04-02T18:40:48-07:00,0,3
index.html,18,html,806628a4,Yonghao Wang,2026-04-02,19:11:45,-07:00,2026-04-02T19:11:45-07:00,0,0
index.html,19,html,806628a4,Yonghao Wang,2026-04-02,19:11:45,-07:00,2026-04-02T19:11:45-07:00,0,57
index.html,20,html,6f8e2e1e,Yonghao Wang,2026-04-24,10:29:10,-07:00,2026-04-24T10:29:10-07:00,0,0
index.html,21,html,6f8e2e1e,Yonghao Wang,2026-04-24,10:29:10,-07:00,2026-04-24T10:29:10-07:00,0,23
index.html,22,html,6f8e2e1e,Yonghao Wang,2026-04-24,10:29:10,-07:00,2026-04-24T10:29:10-07:00,0,27
index.html,23,html,6f8e2e1e,Yonghao Wang,2026-04-24,10:29:10,-07:00,2026-04-24T10:29:10-07:00,0,0
index.html,24,html,6f8e2e1e,Yonghao Wang,2026-04-24,10:29:10,-07:00,2026-04-24T10:29:10-07:00,0,23
index.html,25,html,6f8e2e1e,Yonghao Wang,2026-04-24,10:29:10,-07:00,2026-04-24T10:29:10-07:00,0,29
index.html,26,html,6f8e2e1e,Yonghao Wang,2026-04-24,10:29:10,-07:00,2026-04-24T10:29:10-07:00,0,0
index.html,27,html,6f8e2e1e,Yonghao Wang,2026-04-24,10:29:10,-07:00,2026-04-24T10:29:10-07:00,0,51
index.html,28,html,18d47cb2,Yonghao Wang,2026-04-02,18:40:48,-07:00,2026-04-02T18:40:48-07:00,0,6
index.html,29,html,6f8e2e1e,Yonghao Wang,2026-04-24,10:29:10,-07:00,2026-04-24T10:29:10-07:00,0,6
global.js,1,js,9b071323,Yonghao Wang,2026-04-14,15:42:14,-07:00,2026-04-14T15:42:14-07:00,0,26
global.js,2,js,9b071323,Yonghao Wang,2026-04-14,15:42:14,-07:00,2026-04-14T15:42:14-07:00,0,0
global.js,3,js,9b071323,Yonghao Wang,2026-04-14,15:42:14,-07:00,2026-04-14T15:42:14-07:00,0,42
global.js,4,js,9b071323,Yonghao Wang,2026-04-14,15:42:14,-07:00,2026-04-14T15:42:14-07:00,0,53
global.js,5,js,9b071323,Yonghao Wang,2026-04-14,15:42:14,-07:00,2026-04-14T15:42:14-07:00,0,0
global.js,6,js,9b071323,Yonghao Wang,2026-04-14,15:42:14,-07:00,2026-04-14T15:42:14-07:00,0,0
global.js,7,js,9b071323,Yonghao Wang,2026-04-14,15:42:14,-07:00,2026-04-14T15:42:14-07:00,0,14
global.js,8,js,9b071323,Yonghao Wang,2026-04-14,15:42:14,-07:00,2026-04-14T15:42:14-07:00,0,26
global.js,9,js,9b071323,Yonghao Wang,2026-04-14,15:42:14,-07:00,2026-04-14T15:42:14-07:00,0,39
global.js,10,js,00000000,Not Committed Yet,2026-05-08,13:28:35,-07:00,2026-05-08T13:28:35-07:00,0,31
global.js,11,js,9b071323,Yonghao Wang,2026-04-14,15:42:14,-07:00,2026-04-14T15:42:14-07:00,0,37
global.js,12,js,9b071323,Yonghao Wang,2026-04-14,15:42:14,-07:00,2026-04-14T15:42:14-07:00,0,35
global.js,13,js,9b071323,Yonghao Wang,2026-04-14,15:42:14,-07:00,2026-04-14T15:42:14-07:00,0,65
global.js,14,js,9b071323,Yonghao Wang,2026-04-14,15:42:14,-07:00,2026-04-14T15:42:14-07:00,0,1
global.js,15,js,9b071323,Yonghao Wang,2026-04-14,15:42:14,-07:00,2026-04-14T15:42:14-07:00,0,0
global.js,16,js,9b071323,Yonghao Wang,2026-04-14,15:42:14,-07:00,2026-04-14T15:42:14-07:00,0,16
global.js,17,js,9b071323,Yonghao Wang,2026-04-14,15:42:14,-07:00,2026-04-14T15:42:14-07:00,0,69
global.js,18,js,9b071323,Yonghao Wang,2026-04-14,15:42:14,-07:00,2026-04-14T15:42:14-07:00,0,20
global.js,19,js,9b071323,Yonghao Wang,2026-04-14,15:42:14,-07:00,2026-04-14T15:42:14-07:00,0,22
global.js,20,js,9b071323,Yonghao Wang,2026-04-14,15:42:14,-07:00,2026-04-14T15:42:14-07:00,0,0
global.js,21,js,9b071323,Yonghao Wang,2026-04-14,15:42:14,-07:00,2026-04-14T15:42:14-07:00,0,39
global.js,22,js,9b071323,Yonghao Wang,2026-04-14,15:42:14,-07:00,2026-04-14T15:42:14-07:00,0,26
global.js,23,js,9b071323,Yonghao Wang,2026-04-14,15:42:14,-07:00,2026-04-14T15:42:14-07:00,0,0
global.js,24,js,9b071323,Yonghao Wang,2026-04-14,15:42:14,-07:00,2026-04-14T15:42:14-07:00,0,21
global.js,25,js,9b071323,Yonghao Wang,2026-04-14,15:42:14,-07:00,2026-04-14T15:42:14-07:00,0,15
global.js,26,js,9b071323,Yonghao Wang,2026-04-14,15:42:14,-07:00,2026-04-14T15:42:14-07:00,0,19
global.js,27,js,9b071323,Yonghao Wang,2026-04-14,15:42:14,-07:00,2026-04-14T15:42:14-07:00,0,0
global.js,28,js,9b071323,Yonghao Wang,2026-04-14,15:42:14,-07:00,2026-04-14T15:42:14-07:00,0,35
global.js,29,js,9b071323,Yonghao Wang,2026-04-14,15:42:14,-07:00,2026-04-14T15:42:14-07:00,0,0
global.js,30,js,9b071323,Yonghao Wang,2026-04-14,15:42:14,-07:00,2026-04-14T15:42:14-07:00,0,28
global.js,31,js,9b071323,Yonghao Wang,2026-04-14,15:42:14,-07:00,2026-04-14T15:42:14-07:00,0,12
global.js,32,js,9b071323,Yonghao Wang,2026-04-14,15:42:14,-07:00,2026-04-14T15:42:14-07:00,0,19
global.js,33,js,9b071323,Yonghao Wang,2026-04-14,15:42:14,-07:00,2026-04-14T15:42:14-07:00,0,7
global.js,34,js,9b071323,Yonghao Wang,2026-04-14,15:42:14,-07:00,2026-04-14T15:42:14-07:00,0,24
global.js,35,js,9b071323,Yonghao Wang,2026-04-14,15:42:14,-07:00,2026-04-14T15:42:14-07:00,0,0
global.js,36,js,9b071323,Yonghao Wang,2026-04-14,15:42:14,-07:00,2026-04-14T15:42:14-07:00,0,0
global.js,37,js,9b071323,Yonghao Wang,2026-04-14,15:42:14,-07:00,2026-04-14T15:42:14-07:00,0,21
global.js,38,js,9b071323,Yonghao Wang,2026-04-14,15:42:14,-07:00,2026-04-14T15:42:14-07:00,0,0
global.js,39,js,9b071323,Yonghao Wang,2026-04-14,15:42:14,-07:00,2026-04-14T15:42:14-07:00,0,66
global.js,40,js,9b071323,Yonghao Wang,2026-04-14,15:42:14,-07:00,2026-04-14T15:42:14-07:00,0,26
global.js,41,js,9b071323,Yonghao Wang,2026-04-14,15:42:14,-07:00,2026-04-14T15:42:14-07:00,0,0
global.js,42,js,9b071323,Yonghao Wang,2026-04-14,15:42:14,-07:00,2026-04-14T15:42:14-07:00,0,0
global.js,43,js,9b071323,Yonghao Wang,2026-04-14,15:42:14,-07:00,2026-04-14T15:42:14-07:00,0,13
global.js,44,js,9b071323,Yonghao Wang,2026-04-14,15:42:14,-07:00,2026-04-14T15:42:14-07:00,0,0
global.js,45,js,9b071323,Yonghao Wang,2026-04-14,15:42:14,-07:00,2026-04-14T15:42:14-07:00,0,0
global.js,46,js,9b071323,Yonghao Wang,2026-04-14,15:42:14,-07:00,2026-04-14T15:42:14-07:00,0,32
global.js,47,js,9b071323,Yonghao Wang,2026-04-14,15:42:14,-07:00,2026-04-14T15:42:14-07:00,0,12
global.js,48,js,9b071323,Yonghao Wang,2026-04-14,15:42:14,-07:00,2026-04-14T15:42:14-07:00,0,0
global.js,49,js,9b071323,Yonghao Wang,2026-04-14,15:42:14,-07:00,2026-04-14T15:42:14-07:00,0,27
global.js,50,js,9b071323,Yonghao Wang,2026-04-14,15:42:14,-07:00,2026-04-14T15:42:14-07:00,0,5
global.js,51,js,9b071323,Yonghao Wang,2026-04-14,15:42:14,-07:00,2026-04-14T15:42:14-07:00,0,7
global.js,52,js,9b071323,Yonghao Wang,2026-04-14,15:42:14,-07:00,2026-04-14T15:42:14-07:00,0,44
global.js,53,js,9b071323,Yonghao Wang,2026-04-14,15:42:14,-07:00,2026-04-14T15:42:14-07:00,0,35
global.js,54,js,9b071323,Yonghao Wang,2026-04-14,15:42:14,-07:00,2026-04-14T15:42:14-07:00,0,33
global.js,55,js,9b071323,Yonghao Wang,2026-04-14,15:42:14,-07:00,2026-04-14T15:42:14-07:00,0,8
global.js,56,js,9b071323,Yonghao Wang,2026-04-14,15:42:14,-07:00,2026-04-14T15:42:14-07:00,0,7
global.js,57,js,9b071323,Yonghao Wang,2026-04-14,15:42:14,-07:00,2026-04-14T15:42:14-07:00,0,0
global.js,58,js,9b071323,Yonghao Wang,2026-04-14,15:42:14,-07:00,2026-04-14T15:42:14-07:00,0,1
global.js,59,js,9b071323,Yonghao Wang,2026-04-14,15:42:14,-07:00,2026-04-14T15:42:14-07:00,0,0
global.js,60,js,9b071323,Yonghao Wang,2026-04-14,15:42:14,-07:00,2026-04-14T15:42:14-07:00,0,59
global.js,61,js,9b071323,Yonghao Wang,2026-04-14,15:42:14,-07:00,2026-04-14T15:42:14-07:00,0,0
global.js,62,js,9b071323,Yonghao Wang,2026-04-14,15:42:14,-07:00,2026-04-14T15:42:14-07:00,0,37
global.js,63,js,9b071323,Yonghao Wang,2026-04-14,15:42:14,-07:00,2026-04-14T15:42:14-07:00,0,71
global.js,64,js,9b071323,Yonghao Wang,2026-04-14,15:42:14,-07:00,2026-04-14T15:42:14-07:00,0,0
global.js,65,js,9b071323,Yonghao Wang,2026-04-14,15:42:14,-07:00,2026-04-14T15:42:14-07:00,0,0
global.js,66,js,9b071323,Yonghao Wang,2026-04-14,15:42:14,-07:00,2026-04-14T15:42:14-07:00,0,35
global.js,67,js,9b071323,Yonghao Wang,2026-04-14,15:42:14,-07:00,2026-04-14T15:42:14-07:00,0,47
global.js,68,js,9b071323,Yonghao Wang,2026-04-14,15:42:14,-07:00,2026-04-14T15:42:14-07:00,0,32
global.js,69,js,9b071323,Yonghao Wang,2026-04-14,15:42:14,-07:00,2026-04-14T15:42:14-07:00,0,31
global.js,70,js,9b071323,Yonghao Wang,2026-04-14,15:42:14,-07:00,2026-04-14T15:42:14-07:00,0,0
global.js,71,js,9b071323,Yonghao Wang,2026-04-14,15:42:14,-07:00,2026-04-14T15:42:14-07:00,0,0
global.js,72,js,9b071323,Yonghao Wang,2026-04-14,15:42:14,-07:00,2026-04-14T15:42:14-07:00,0,50
global.js,73,js,9b071323,Yonghao Wang,2026-04-14,15:42:14,-07:00,2026-04-14T15:42:14-07:00,0,36
global.js,74,js,9b071323,Yonghao Wang,2026-04-14,15:42:14,-07:00,2026-04-14T15:42:14-07:00,0,27
global.js,75,js,9b071323,Yonghao Wang,2026-04-14,15:42:14,-07:00,2026-04-14T15:42:14-07:00,0,38
global.js,76,js,9b071323,Yonghao Wang,2026-04-14,15:42:14,-07:00,2026-04-14T15:42:14-07:00,0,2
global.js,77,js,9b071323,Yonghao Wang,2026-04-14,15:42:14,-07:00,2026-04-14T15:42:14-07:00,0,0
global.js,78,js,9b071323,Yonghao Wang,2026-04-14,15:42:14,-07:00,2026-04-14T15:42:14-07:00,0,41
global.js,79,js,9b071323,Yonghao Wang,2026-04-14,15:42:14,-07:00,2026-04-14T15:42:14-07:00,0,0
global.js,80,js,9b071323,Yonghao Wang,2026-04-14,15:42:14,-07:00,2026-04-14T15:42:14-07:00,0,50
global.js,81,js,9b071323,Yonghao Wang,2026-04-14,15:42:14,-07:00,2026-04-14T15:42:14-07:00,0,22
global.js,82,js,9b071323,Yonghao Wang,2026-04-14,15:42:14,-07:00,2026-04-14T15:42:14-07:00,0,0
global.js,83,js,9b071323,Yonghao Wang,2026-04-14,15:42:14,-07:00,2026-04-14T15:42:14-07:00,0,29
global.js,84,js,9b071323,Yonghao Wang,2026-04-14,15:42:14,-07:00,2026-04-14T15:42:14-07:00,0,27
global.js,85,js,9b071323,Yonghao Wang,2026-04-14,15:42:14,-07:00,2026-04-14T15:42:14-07:00,0,15
global.js,86,js,9b071323,Yonghao Wang,2026-04-14,15:42:14,-07:00,2026-04-14T15:42:14-07:00,0,0
global.js,87,js,9b071323,Yonghao Wang,2026-04-14,15:42:14,-07:00,2026-04-14T15:42:14-07:00,0,32
global.js,88,js,9b071323,Yonghao Wang,2026-04-14,15:42:14,-07:00,2026-04-14T15:42:14-07:00,0,51
global.js,89,js,9b071323,Yonghao Wang,2026-04-14,15:42:14,-07:00,2026-04-14T15:42:14-07:00,0,0
global.js,90,js,9b071323,Yonghao Wang,2026-04-14,15:42:14,-07:00,2026-04-14T15:42:14-07:00,0,0
global.js,91,js,9b071323,Yonghao Wang,2026-04-14,15:42:14,-07:00,2026-04-14T15:42:14-07:00,0,23
global.js,92,js,9b071323,Yonghao Wang,2026-04-14,15:42:14,-07:00,2026-04-14T15:42:14-07:00,0,19
global.js,93,js,6f8e2e1e,Yonghao Wang,2026-04-24,10:29:10,-07:00,2026-04-24T10:29:10-07:00,0,2
global.js,94,js,6f8e2e1e,Yonghao Wang,2026-04-24,10:29:10,-07:00,2026-04-24T10:29:10-07:00,0,0
global.js,95,js,6f8e2e1e,Yonghao Wang,2026-04-24,10:29:10,-07:00,2026-04-24T10:29:10-07:00,0,37
global.js,96,js,6f8e2e1e,Yonghao Wang,2026-04-24,10:29:10,-07:00,2026-04-24T10:29:10-07:00,0,4
global.js,97,js,6f8e2e1e,Yonghao Wang,2026-04-24,10:29:10,-07:00,2026-04-24T10:29:10-07:00,0,33
global.js,98,js,6f8e2e1e,Yonghao Wang,2026-04-24,10:29:10,-07:00,2026-04-24T10:29:10-07:00,0,0
global.js,99,js,6f8e2e1e,Yonghao Wang,2026-04-24,10:29:10,-07:00,2026-04-24T10:29:10-07:00,0,18
global.js,100,js,6f8e2e1e,Yonghao Wang,2026-04-24,10:29:10,-07:00,2026-04-24T10:29:10-07:00,0,82
global.js,101,js,6f8e2e1e,Yonghao Wang,2026-04-24,10:29:10,-07:00,2026-04-24T10:29:10-07:00,0,0
global.js,102,js,6f8e2e1e,Yonghao Wang,2026-04-24,10:29:10,-07:00,2026-04-24T10:29:10-07:00,0,0
global.js,103,js,6f8e2e1e,Yonghao Wang,2026-04-24,10:29:10,-07:00,2026-04-24T10:29:10-07:00,0,34
global.js,104,js,6f8e2e1e,Yonghao Wang,2026-04-24,10:29:10,-07:00,2026-04-24T10:29:10-07:00,0,11
global.js,105,js,6f8e2e1e,Yonghao Wang,2026-04-24,10:29:10,-07:00,2026-04-24T10:29:10-07:00,0,16
global.js,106,js,6f8e2e1e,Yonghao Wang,2026-04-24,10:29:10,-07:00,2026-04-24T10:29:10-07:00,0,60
global.js,107,js,6f8e2e1e,Yonghao Wang,2026-04-24,10:29:10,-07:00,2026-04-24T10:29:10-07:00,0,0
global.js,108,js,6f8e2e1e,Yonghao Wang,2026-04-24,10:29:10,-07:00,2026-04-24T10:29:10-07:00,0,0
global.js,109,js,6f8e2e1e,Yonghao Wang,2026-04-24,10:29:10,-07:00,2026-04-24T10:29:10-07:00,0,0
global.js,110,js,6f8e2e1e,Yonghao Wang,2026-04-24,10:29:10,-07:00,2026-04-24T10:29:10-07:00,0,80
global.js,111,js,6f8e2e1e,Yonghao Wang,2026-04-24,10:29:10,-07:00,2026-04-24T10:29:10-07:00,0,23
global.js,112,js,6f8e2e1e,Yonghao Wang,2026-04-24,10:29:10,-07:00,2026-04-24T10:29:10-07:00,0,6
global.js,113,js,6f8e2e1e,Yonghao Wang,2026-04-24,10:29:10,-07:00,2026-04-24T10:29:10-07:00,0,0
global.js,114,js,6f8e2e1e,Yonghao Wang,2026-04-24,10:29:10,-07:00,2026-04-24T10:29:10-07:00,0,0
global.js,115,js,6f8e2e1e,Yonghao Wang,2026-04-24,10:29:10,-07:00,2026-04-24T10:29:10-07:00,0,31
global.js,116,js,6f8e2e1e,Yonghao Wang,2026-04-24,10:29:10,-07:00,2026-04-24T10:29:10-07:00,0,0
global.js,117,js,6f8e2e1e,Yonghao Wang,2026-04-24,10:29:10,-07:00,2026-04-24T10:29:10-07:00,0,55
global.js,118,js,6f8e2e1e,Yonghao Wang,2026-04-24,10:29:10,-07:00,2026-04-24T10:29:10-07:00,0,55
global.js,119,js,6f8e2e1e,Yonghao Wang,2026-04-24,10:29:10,-07:00,2026-04-24T10:29:10-07:00,0,6
global.js,120,js,6f8e2e1e,Yonghao Wang,2026-04-24,10:29:10,-07:00,2026-04-24T10:29:10-07:00,0,0
global.js,121,js,6f8e2e1e,Yonghao Wang,2026-04-24,10:29:10,-07:00,2026-04-24T10:29:10-07:00,0,0
global.js,122,js,6f8e2e1e,Yonghao Wang,2026-04-24,10:29:10,-07:00,2026-04-24T10:29:10-07:00,0,30
global.js,123,js,6f8e2e1e,Yonghao Wang,2026-04-24,10:29:10,-07:00,2026-04-24T10:29:10-07:00,0,49
global.js,124,js,6f8e2e1e,Yonghao Wang,2026-04-24,10:29:10,-07:00,2026-04-24T10:29:10-07:00,0,20
global.js,125,js,6f8e2e1e,Yonghao Wang,2026-04-24,10:29:10,-07:00,2026-04-24T10:29:10-07:00,0,50
global.js,126,js,6f8e2e1e,Yonghao Wang,2026-04-24,10:29:10,-07:00,2026-04-24T10:29:10-07:00,0,50
global.js,127,js,6f8e2e1e,Yonghao Wang,2026-04-24,10:29:10,-07:00,2026-04-24T10:29:10-07:00,0,28
global.js,128,js,6f8e2e1e,Yonghao Wang,2026-04-24,10:29:10,-07:00,2026-04-24T10:29:10-07:00,0,21
global.js,129,js,6f8e2e1e,Yonghao Wang,2026-04-24,10:29:10,-07:00,2026-04-24T10:29:10-07:00,0,1
global.js,130,js,6f8e2e1e,Yonghao Wang,2026-04-24,10:29:10,-07:00,2026-04-24T10:29:10-07:00,0,37
global.js,131,js,6f8e2e1e,Yonghao Wang,2026-04-24,10:29:10,-07:00,2026-04-24T10:29:10-07:00,0,0
global.js,132,js,6f8e2e1e,Yonghao Wang,2026-04-24,10:29:10,-07:00,2026-04-24T10:29:10-07:00,0,0
global.js,133,js,6f8e2e1e,Yonghao Wang,2026-04-24,10:29:10,-07:00,2026-04-24T10:29:10-07:00,0,0
global.js,134,js,6f8e2e1e,Yonghao Wang,2026-04-24,10:29:10,-07:00,2026-04-24T10:29:10-07:00,0,48
global.js,135,js,6f8e2e1e,Yonghao Wang,2026-04-24,10:29:10,-07:00,2026-04-24T10:29:10-07:00,0,60
global.js,136,js,6f8e2e1e,Yonghao Wang,2026-04-24,10:29:10,-07:00,2026-04-24T10:29:10-07:00,0,0
contact/index.html,1,html,806628a4,Yonghao Wang,2026-04-02,19:11:45,-07:00,2026-04-02T19:11:45-07:00,0,14
contact/index.html,2,html,806628a4,Yonghao Wang,2026-04-02,19:11:45,-07:00,2026-04-02T19:11:45-07:00,0,15
contact/index.html,3,html,806628a4,Yonghao Wang,2026-04-02,19:11:45,-07:00,2026-04-02T19:11:45-07:00,0,5
contact/index.html,4,html,9b071323,Yonghao Wang,2026-04-14,15:42:14,-07:00,2026-04-14T15:42:14-07:00,0,49
contact/index.html,5,html,806628a4,Yonghao Wang,2026-04-02,19:11:45,-07:00,2026-04-02T19:11:45-07:00,0,21
contact/index.html,6,html,806628a4,Yonghao Wang,2026-04-02,19:11:45,-07:00,2026-04-02T19:11:45-07:00,0,69
contact/index.html,7,html,14ab1eef,Yonghao Wang,2026-04-09,14:17:57,-07:00,2026-04-09T14:17:57-07:00,0,36
contact/index.html,8,html,806628a4,Yonghao Wang,2026-04-02,19:11:45,-07:00,2026-04-02T19:11:45-07:00,0,42
contact/index.html,9,html,806628a4,Yonghao Wang,2026-04-02,19:11:45,-07:00,2026-04-02T19:11:45-07:00,0,6
contact/index.html,10,html,806628a4,Yonghao Wang,2026-04-02,19:11:45,-07:00,2026-04-02T19:11:45-07:00,0,5
contact/index.html,11,html,806628a4,Yonghao Wang,2026-04-02,19:11:45,-07:00,2026-04-02T19:11:45-07:00,0,15
contact/index.html,12,html,806628a4,Yonghao Wang,2026-04-02,19:11:45,-07:00,2026-04-02T19:11:45-07:00,0,0
contact/index.html,13,html,806628a4,Yonghao Wang,2026-04-02,19:11:45,-07:00,2026-04-02T19:11:45-07:00,0,46
contact/index.html,14,html,806628a4,Yonghao Wang,2026-04-02,19:11:45,-07:00,2026-04-02T19:11:45-07:00,0,0
contact/index.html,15,html,9b071323,Yonghao Wang,2026-04-14,15:42:14,-07:00,2026-04-14T15:42:14-07:00,0,45
contact/index.html,16,html,806628a4,Yonghao Wang,2026-04-02,19:11:45,-07:00,2026-04-02T19:11:45-07:00,0,6
contact/index.html,17,html,806628a4,Yonghao Wang,2026-04-02,19:11:45,-07:00,2026-04-02T19:11:45-07:00,0,7
contact/index.html,18,html,806628a4,Yonghao Wang,2026-04-02,19:11:45,-07:00,2026-04-02T19:11:45-07:00,0,35
contact/index.html,19,html,806628a4,Yonghao Wang,2026-04-02,19:11:45,-07:00,2026-04-02T19:11:45-07:00,0,7
contact/index.html,20,html,806628a4,Yonghao Wang,2026-04-02,19:11:45,-07:00,2026-04-02T19:11:45-07:00,0,0
contact/index.html,21,html,806628a4,Yonghao Wang,2026-04-02,19:11:45,-07:00,2026-04-02T19:11:45-07:00,0,6
contact/index.html,22,html,806628a4,Yonghao Wang,2026-04-02,19:11:45,-07:00,2026-04-02T19:11:45-07:00,0,7
contact/index.html,23,html,14ab1eef,Yonghao Wang,2026-04-09,14:17:57,-07:00,2026-04-09T14:17:57-07:00,0,75
contact/index.html,24,html,806628a4,Yonghao Wang,2026-04-02,19:11:45,-07:00,2026-04-02T19:11:45-07:00,0,7
contact/index.html,25,html,806628a4,Yonghao Wang,2026-04-02,19:11:45,-07:00,2026-04-02T19:11:45-07:00,0,0
contact/index.html,26,html,14ab1eef,Yonghao Wang,2026-04-09,14:17:57,-07:00,2026-04-09T14:17:57-07:00,0,36
contact/index.html,27,html,806628a4,Yonghao Wang,2026-04-02,19:11:45,-07:00,2026-04-02T19:11:45-07:00,0,6
contact/index.html,28,html,806628a4,Yonghao Wang,2026-04-02,19:11:45,-07:00,2026-04-02T19:11:45-07:00,0,6
contact/index.html,29,html,806628a4,Yonghao Wang,2026-04-02,19:11:45,-07:00,2026-04-02T19:11:45-07:00,0,6
projects/projects.js,1,js,6f8e2e1e,Yonghao Wang,2026-04-24,10:29:10,-07:00,2026-04-24T10:29:10-07:00,0,56
projects/projects.js,2,js,1229627e,Yonghao Wang,2026-05-01,13:49:19,-07:00,2026-05-01T13:49:19-07:00,0,64
projects/projects.js,3,js,6f8e2e1e,Yonghao Wang,2026-04-24,10:29:10,-07:00,2026-04-24T10:29:10-07:00,0,0
projects/projects.js,4,js,6f8e2e1e,Yonghao Wang,2026-04-24,10:29:10,-07:00,2026-04-24T10:29:10-07:00,0,56
projects/projects.js,5,js,6f8e2e1e,Yonghao Wang,2026-04-24,10:29:10,-07:00,2026-04-24T10:29:10-07:00,0,61
projects/projects.js,6,js,1229627e,Yonghao Wang,2026-05-01,13:49:19,-07:00,2026-05-01T13:49:19-07:00,0,62
projects/projects.js,7,js,1229627e,Yonghao Wang,2026-05-01,13:49:19,-07:00,2026-05-01T13:49:19-07:00,0,14
projects/projects.js,8,js,6f8e2e1e,Yonghao Wang,2026-04-24,10:29:10,-07:00,2026-04-24T10:29:10-07:00,0,0
projects/projects.js,9,js,00000000,Not Committed Yet,2026-05-08,13:28:35,-07:00,2026-05-08T13:28:35-07:00,0,42
projects/projects.js,10,js,1229627e,Yonghao Wang,2026-05-01,13:49:19,-07:00,2026-05-01T13:49:19-07:00,0,76
projects/projects.js,11,js,1229627e,Yonghao Wang,2026-05-01,13:49:19,-07:00,2026-05-01T13:49:19-07:00,0,16
projects/projects.js,12,js,1229627e,Yonghao Wang,2026-05-01,13:49:19,-07:00,2026-05-01T13:49:19-07:00,0,55
projects/projects.js,13,js,1229627e,Yonghao Wang,2026-05-01,13:49:19,-07:00,2026-05-01T13:49:19-07:00,0,47
projects/projects.js,14,js,1229627e,Yonghao Wang,2026-05-01,13:49:19,-07:00,2026-05-01T13:49:19-07:00,0,0
projects/projects.js,15,js,1229627e,Yonghao Wang,2026-05-01,13:49:19,-07:00,2026-05-01T13:49:19-07:00,0,0
projects/projects.js,16,js,1229627e,Yonghao Wang,2026-05-01,13:49:19,-07:00,2026-05-01T13:49:19-07:00,0,55
projects/projects.js,17,js,1229627e,Yonghao Wang,2026-05-01,13:49:19,-07:00,2026-05-01T13:49:19-07:00,0,41
projects/projects.js,18,js,1229627e,Yonghao Wang,2026-05-01,13:49:19,-07:00,2026-05-01T13:49:19-07:00,0,62
projects/projects.js,19,js,1229627e,Yonghao Wang,2026-05-01,13:49:19,-07:00,2026-05-01T13:49:19-07:00,0,34
projects/projects.js,20,js,1229627e,Yonghao Wang,2026-05-01,13:49:19,-07:00,2026-05-01T13:49:19-07:00,0,2
projects/projects.js,21,js,1229627e,Yonghao Wang,2026-05-01,13:49:19,-07:00,2026-05-01T13:49:19-07:00,0,0
projects/projects.js,22,js,1229627e,Yonghao Wang,2026-05-01,13:49:19,-07:00,2026-05-01T13:49:19-07:00,0,0
projects/projects.js,23,js,00000000,Not Committed Yet,2026-05-08,13:28:35,-07:00,2026-05-08T13:28:35-07:00,0,47
projects/projects.js,24,js,00000000,Not Committed Yet,2026-05-08,13:28:35,-07:00,2026-05-08T13:28:35-07:00,0,45
projects/projects.js,25,js,00000000,Not Committed Yet,2026-05-08,13:28:35,-07:00,2026-05-08T13:28:35-07:00,0,43
projects/projects.js,26,js,00000000,Not Committed Yet,2026-05-08,13:28:35,-07:00,2026-05-08T13:28:35-07:00,0,41
projects/projects.js,27,js,00000000,Not Committed Yet,2026-05-08,13:28:35,-07:00,2026-05-08T13:28:35-07:00,0,17
projects/projects.js,28,js,00000000,Not Committed Yet,2026-05-08,13:28:35,-07:00,2026-05-08T13:28:35-07:00,0,18
projects/projects.js,29,js,00000000,Not Committed Yet,2026-05-08,13:28:35,-07:00,2026-05-08T13:28:35-07:00,0,60
projects/projects.js,30,js,00000000,Not Committed Yet,2026-05-08,13:28:35,-07:00,2026-05-08T13:28:35-07:00,0,53
projects/projects.js,31,js,00000000,Not Committed Yet,2026-05-08,13:28:35,-07:00,2026-05-08T13:28:35-07:00,0,55
projects/projects.js,32,js,00000000,Not Committed Yet,2026-05-08,13:28:35,-07:00,2026-05-08T13:28:35-07:00,0,50
projects/projects.js,33,js,00000000,Not Committed Yet,2026-05-08,13:28:35,-07:00,2026-05-08T13:28:35-07:00,0,53
projects/projects.js,34,js,00000000,Not Committed Yet,2026-05-08,13:28:35,-07:00,2026-05-08T13:28:35-07:00,0,0
projects/projects.js,35,js,00000000,Not Committed Yet,2026-05-08,13:28:35,-07:00,2026-05-08T13:28:35-07:00,0,16
projects/projects.js,36,js,00000000,Not Committed Yet,2026-05-08,13:28:35,-07:00,2026-05-08T13:28:35-07:00,0,11
projects/projects.js,37,js,00000000,Not Committed Yet,2026-05-08,13:28:35,-07:00,2026-05-08T13:28:35-07:00,0,40
projects/projects.js,38,js,00000000,Not Committed Yet,2026-05-08,13:28:35,-07:00,2026-05-08T13:28:35-07:00,0,22
projects/projects.js,39,js,00000000,Not Committed Yet,2026-05-08,13:28:35,-07:00,2026-05-08T13:28:35-07:00,0,14
projects/projects.js,40,js,00000000,Not Committed Yet,2026-05-08,13:28:35,-07:00,2026-05-08T13:28:35-07:00,0,0
projects/projects.js,41,js,00000000,Not Committed Yet,2026-05-08,13:28:35,-07:00,2026-05-08T13:28:35-07:00,0,16
projects/projects.js,42,js,00000000,Not Committed Yet,2026-05-08,13:28:35,-07:00,2026-05-08T13:28:35-07:00,0,13
projects/projects.js,43,js,00000000,Not Committed Yet,2026-05-08,13:28:35,-07:00,2026-05-08T13:28:35-07:00,0,21
projects/projects.js,44,js,00000000,Not Committed Yet,2026-05-08,13:28:35,-07:00,2026-05-08T13:28:35-07:00,0,6
projects/projects.js,45,js,00000000,Not Committed Yet,2026-05-08,13:28:35,-07:00,2026-05-08T13:28:35-07:00,0,24
projects/projects.js,46,js,00000000,Not Committed Yet,2026-05-08,13:28:35,-07:00,2026-05-08T13:28:35-07:00,0,0
projects/projects.js,47,js,00000000,Not Committed Yet,2026-05-08,13:28:35,-07:00,2026-05-08T13:28:35-07:00,0,20
projects/projects.js,48,js,00000000,Not Committed Yet,2026-05-08,13:28:35,-07:00,2026-05-08T13:28:35-07:00,0,32
projects/projects.js,49,js,00000000,Not Committed Yet,2026-05-08,13:28:35,-07:00,2026-05-08T13:28:35-07:00,0,41
projects/projects.js,50,js,00000000,Not Committed Yet,2026-05-08,13:28:35,-07:00,2026-05-08T13:28:35-07:00,0,0
projects/projects.js,51,js,00000000,Not Committed Yet,2026-05-08,13:28:35,-07:00,2026-05-08T13:28:35-07:00,0,69
projects/projects.js,52,js,00000000,Not Committed Yet,2026-05-08,13:28:35,-07:00,2026-05-08T13:28:35-07:00,0,0
projects/projects.js,53,js,00000000,Not Committed Yet,2026-05-08,13:28:35,-07:00,2026-05-08T13:28:35-07:00,0,16
projects/projects.js,54,js,00000000,Not Committed Yet,2026-05-08,13:28:35,-07:00,2026-05-08T13:28:35-07:00,0,11
projects/projects.js,55,js,00000000,Not Committed Yet,2026-05-08,13:28:35,-07:00,2026-05-08T13:28:35-07:00,0,62
projects/projects.js,56,js,00000000,Not Committed Yet,2026-05-08,13:28:35,-07:00,2026-05-08T13:28:35-07:00,0,0
projects/projects.js,57,js,00000000,Not Committed Yet,2026-05-08,13:28:35,-07:00,2026-05-08T13:28:35-07:00,0,4
projects/projects.js,58,js,00000000,Not Committed Yet,2026-05-08,13:28:35,-07:00,2026-05-08T13:28:35-07:00,0,21
projects/projects.js,59,js,00000000,Not Committed Yet,2026-05-08,13:28:35,-07:00,2026-05-08T13:28:35-07:00,0,10
projects/projects.js,60,js,00000000,Not Committed Yet,2026-05-08,13:28:35,-07:00,2026-05-08T13:28:35-07:00,0,12
projects/projects.js,61,js,00000000,Not Committed Yet,2026-05-08,13:28:35,-07:00,2026-05-08T13:28:35-07:00,0,20
projects/projects.js,62,js,00000000,Not Committed Yet,2026-05-08,13:28:35,-07:00,2026-05-08T13:28:35-07:00,0,41
projects/projects.js,63,js,00000000,Not Committed Yet,2026-05-08,13:28:35,-07:00,2026-05-08T13:28:35-07:00,0,33
projects/projects.js,64,js,00000000,Not Committed Yet,2026-05-08,13:28:35,-07:00,2026-05-08T13:28:35-07:00,0,33
projects/projects.js,65,js,00000000,Not Committed Yet,2026-05-08,13:28:35,-07:00,2026-05-08T13:28:35-07:00,0,52
projects/projects.js,66,js,00000000,Not Committed Yet,2026-05-08,13:28:35,-07:00,2026-05-08T13:28:35-07:00,0,49
projects/projects.js,67,js,00000000,Not Committed Yet,2026-05-08,13:28:35,-07:00,2026-05-08T13:28:35-07:00,0,0
projects/projects.js,68,js,00000000,Not Committed Yet,2026-05-08,13:28:35,-07:00,2026-05-08T13:28:35-07:00,0,4
projects/projects.js,69,js,00000000,Not Committed Yet,2026-05-08,13:28:35,-07:00,2026-05-08T13:28:35-07:00,0,11
projects/projects.js,70,js,00000000,Not Committed Yet,2026-05-08,13:28:35,-07:00,2026-05-08T13:28:35-07:00,0,49
projects/projects.js,71,js,00000000,Not Committed Yet,2026-05-08,13:28:35,-07:00,2026-05-08T13:28:35-07:00,0,28
projects/projects.js,72,js,00000000,Not Committed Yet,2026-05-08,13:28:35,-07:00,2026-05-08T13:28:35-07:00,0,0
projects/projects.js,73,js,00000000,Not Committed Yet,2026-05-08,13:28:35,-07:00,2026-05-08T13:28:35-07:00,0,4
projects/projects.js,74,js,00000000,Not Committed Yet,2026-05-08,13:28:35,-07:00,2026-05-08T13:28:35-07:00,0,11
projects/projects.js,75,js,00000000,Not Committed Yet,2026-05-08,13:28:35,-07:00,2026-05-08T13:28:35-07:00,0,5
projects/projects.js,76,js,00000000,Not Committed Yet,2026-05-08,13:28:35,-07:00,2026-05-08T13:28:35-07:00,0,1
projects/projects.js,77,js,00000000,Not Committed Yet,2026-05-08,13:28:35,-07:00,2026-05-08T13:28:35-07:00,0,16
projects/projects.js,78,js,00000000,Not Committed Yet,2026-05-08,13:28:35,-07:00,2026-05-08T13:28:35-07:00,0,37
projects/projects.js,79,js,00000000,Not Committed Yet,2026-05-08,13:28:35,-07:00,2026-05-08T13:28:35-07:00,0,49
projects/projects.js,80,js,00000000,Not Committed Yet,2026-05-08,13:28:35,-07:00,2026-05-08T13:28:35-07:00,0,1
projects/projects.js,81,js,00000000,Not Committed Yet,2026-05-08,13:28:35,-07:00,2026-05-08T13:28:35-07:00,0,0
projects/projects.js,82,js,00000000,Not Committed Yet,2026-05-08,13:28:35,-07:00,2026-05-08T13:28:35-07:00,0,4
projects/projects.js,83,js,00000000,Not Committed Yet,2026-05-08,13:28:35,-07:00,2026-05-08T13:28:35-07:00,0,14
projects/projects.js,84,js,00000000,Not Committed Yet,2026-05-08,13:28:35,-07:00,2026-05-08T13:28:35-07:00,0,27
projects/projects.js,85,js,00000000,Not Committed Yet,2026-05-08,13:28:35,-07:00,2026-05-08T13:28:35-07:00,0,25
projects/projects.js,86,js,00000000,Not Committed Yet,2026-05-08,13:28:35,-07:00,2026-05-08T13:28:35-07:00,0,27
projects/projects.js,87,js,00000000,Not Committed Yet,2026-05-08,13:28:35,-07:00,2026-05-08T13:28:35-07:00,0,29
projects/projects.js,88,js,00000000,Not Committed Yet,2026-05-08,13:28:35,-07:00,2026-05-08T13:28:35-07:00,0,13
projects/projects.js,89,js,00000000,Not Committed Yet,2026-05-08,13:28:35,-07:00,2026-05-08T13:28:35-07:00,0,0
projects/projects.js,90,js,00000000,Not Committed Yet,2026-05-08,13:28:35,-07:00,2026-05-08T13:28:35-07:00,0,4
projects/projects.js,91,js,00000000,Not Committed Yet,2026-05-08,13:28:35,-07:00,2026-05-08T13:28:35-07:00,0,14
projects/projects.js,92,js,00000000,Not Committed Yet,2026-05-08,13:28:35,-07:00,2026-05-08T13:28:35-07:00,0,27
projects/projects.js,93,js,00000000,Not Committed Yet,2026-05-08,13:28:35,-07:00,2026-05-08T13:28:35-07:00,0,32
projects/projects.js,94,js,00000000,Not Committed Yet,2026-05-08,13:28:35,-07:00,2026-05-08T13:28:35-07:00,0,27
projects/projects.js,95,js,00000000,Not Committed Yet,2026-05-08,13:28:35,-07:00,2026-05-08T13:28:35-07:00,0,14
projects/projects.js,96,js,00000000,Not Committed Yet,2026-05-08,13:28:35,-07:00,2026-05-08T13:28:35-07:00,0,29
projects/projects.js,97,js,00000000,Not Committed Yet,2026-05-08,13:28:35,-07:00,2026-05-08T13:28:35-07:00,0,27
projects/projects.js,98,js,00000000,Not Committed Yet,2026-05-08,13:28:35,-07:00,2026-05-08T13:28:35-07:00,0,0
projects/projects.js,99,js,00000000,Not Committed Yet,2026-05-08,13:28:35,-07:00,2026-05-08T13:28:35-07:00,0,12
projects/projects.js,100,js,00000000,Not Committed Yet,2026-05-08,13:28:35,-07:00,2026-05-08T13:28:35-07:00,0,38
projects/projects.js,101,js,00000000,Not Committed Yet,2026-05-08,13:28:35,-07:00,2026-05-08T13:28:35-07:00,0,30
projects/projects.js,102,js,00000000,Not Committed Yet,2026-05-08,13:28:35,-07:00,2026-05-08T13:28:35-07:00,0,45
projects/projects.js,103,js,00000000,Not Committed Yet,2026-05-08,13:28:35,-07:00,2026-05-08T13:28:35-07:00,0,30
projects/projects.js,104,js,00000000,Not Committed Yet,2026-05-08,13:28:35,-07:00,2026-05-08T13:28:35-07:00,0,35
projects/projects.js,105,js,00000000,Not Committed Yet,2026-05-08,13:28:35,-07:00,2026-05-08T13:28:35-07:00,0,0
projects/projects.js,106,js,00000000,Not Committed Yet,2026-05-08,13:28:35,-07:00,2026-05-08T13:28:35-07:00,0,4
projects/projects.js,107,js,00000000,Not Committed Yet,2026-05-08,13:28:35,-07:00,2026-05-08T13:28:35-07:00,0,14
projects/projects.js,108,js,00000000,Not Committed Yet,2026-05-08,13:28:35,-07:00,2026-05-08T13:28:35-07:00,0,35
projects/projects.js,109,js,00000000,Not Committed Yet,2026-05-08,13:28:35,-07:00,2026-05-08T13:28:35-07:00,0,12
projects/projects.js,110,js,00000000,Not Committed Yet,2026-05-08,13:28:35,-07:00,2026-05-08T13:28:35-07:00,0,12
projects/projects.js,111,js,00000000,Not Committed Yet,2026-05-08,13:28:35,-07:00,2026-05-08T13:28:35-07:00,0,33
projects/projects.js,112,js,00000000,Not Committed Yet,2026-05-08,13:28:35,-07:00,2026-05-08T13:28:35-07:00,0,31
projects/projects.js,113,js,00000000,Not Committed Yet,2026-05-08,13:28:35,-07:00,2026-05-08T13:28:35-07:00,0,21
projects/projects.js,114,js,00000000,Not Committed Yet,2026-05-08,13:28:35,-07:00,2026-05-08T13:28:35-07:00,0,0
projects/projects.js,115,js,00000000,Not Committed Yet,2026-05-08,13:28:35,-07:00,2026-05-08T13:28:35-07:00,0,4
projects/projects.js,116,js,00000000,Not Committed Yet,2026-05-08,13:28:35,-07:00,2026-05-08T13:28:35-07:00,0,14
projects/projects.js,117,js,00000000,Not Committed Yet,2026-05-08,13:28:35,-07:00,2026-05-08T13:28:35-07:00,0,32
projects/projects.js,118,js,00000000,Not Committed Yet,2026-05-08,13:28:35,-07:00,2026-05-08T13:28:35-07:00,0,22
projects/projects.js,119,js,00000000,Not Committed Yet,2026-05-08,13:28:35,-07:00,2026-05-08T13:28:35-07:00,0,13
projects/projects.js,120,js,00000000,Not Committed Yet,2026-05-08,13:28:35,-07:00,2026-05-08T13:28:35-07:00,0,22
projects/projects.js,121,js,00000000,Not Committed Yet,2026-05-08,13:28:35,-07:00,2026-05-08T13:28:35-07:00,0,18
projects/projects.js,122,js,00000000,Not Committed Yet,2026-05-08,13:28:35,-07:00,2026-05-08T13:28:35-07:00,0,34
projects/projects.js,123,js,00000000,Not Committed Yet,2026-05-08,13:28:35,-07:00,2026-05-08T13:28:35-07:00,0,0
projects/projects.js,124,js,00000000,Not Committed Yet,2026-05-08,13:28:35,-07:00,2026-05-08T13:28:35-07:00,0,4
projects/projects.js,125,js,00000000,Not Committed Yet,2026-05-08,13:28:35,-07:00,2026-05-08T13:28:35-07:00,0,14
projects/projects.js,126,js,00000000,Not Committed Yet,2026-05-08,13:28:35,-07:00,2026-05-08T13:28:35-07:00,0,27
projects/projects.js,127,js,00000000,Not Committed Yet,2026-05-08,13:28:35,-07:00,2026-05-08T13:28:35-07:00,0,17
projects/projects.js,128,js,00000000,Not Committed Yet,2026-05-08,13:28:35,-07:00,2026-05-08T13:28:35-07:00,0,17
projects/projects.js,129,js,00000000,Not Committed Yet,2026-05-08,13:28:35,-07:00,2026-05-08T13:28:35-07:00,0,35
projects/projects.js,130,js,00000000,Not Committed Yet,2026-05-08,13:28:35,-07:00,2026-05-08T13:28:35-07:00,0,50
projects/projects.js,131,js,1229627e,Yonghao Wang,2026-05-01,13:49:19,-07:00,2026-05-01T13:49:19-07:00,0,0
projects/projects.js,132,js,1229627e,Yonghao Wang,2026-05-01,13:49:19,-07:00,2026-05-01T13:49:19-07:00,0,0
projects/projects.js,133,js,1229627e,Yonghao Wang,2026-05-01,13:49:19,-07:00,2026-05-01T13:49:19-07:00,0,2
projects/projects.js,134,js,00000000,Not Committed Yet,2026-05-08,13:28:35,-07:00,2026-05-08T13:28:35-07:00,0,14
projects/projects.js,135,js,00000000,Not Committed Yet,2026-05-08,13:28:35,-07:00,2026-05-08T13:28:35-07:00,0,16
projects/projects.js,136,js,00000000,Not Committed Yet,2026-05-08,13:28:35,-07:00,2026-05-08T13:28:35-07:00,0,19
projects/projects.js,137,js,00000000,Not Committed Yet,2026-05-08,13:28:35,-07:00,2026-05-08T13:28:35-07:00,0,28
projects/projects.js,138,js,00000000,Not Committed Yet,2026-05-08,13:28:35,-07:00,2026-05-08T13:28:35-07:00,0,15
projects/projects.js,139,js,00000000,Not Committed Yet,2026-05-08,13:28:35,-07:00,2026-05-08T13:28:35-07:00,0,15
projects/projects.js,140,js,00000000,Not Committed Yet,2026-05-08,13:28:35,-07:00,2026-05-08T13:28:35-07:00,0,22
projects/projects.js,141,js,00000000,Not Committed Yet,2026-05-08,13:28:35,-07:00,2026-05-08T13:28:35-07:00,0,23
projects/projects.js,142,js,00000000,Not Committed Yet,2026-05-08,13:28:35,-07:00,2026-05-08T13:28:35-07:00,0,36
projects/projects.js,143,js,00000000,Not Committed Yet,2026-05-08,13:28:35,-07:00,2026-05-08T13:28:35-07:00,0,14
projects/projects.js,144,js,00000000,Not Committed Yet,2026-05-08,13:28:35,-07:00,2026-05-08T13:28:35-07:00,0,34
projects/projects.js,145,js,00000000,Not Committed Yet,2026-05-08,13:28:35,-07:00,2026-05-08T13:28:35-07:00,0,34
projects/projects.js,146,js,1229627e,Yonghao Wang,2026-05-01,13:49:19,-07:00,2026-05-01T13:49:19-07:00,0,0
projects/projects.js,147,js,00000000,Not Committed Yet,2026-05-08,13:28:35,-07:00,2026-05-08T13:28:35-07:00,0,31
projects/projects.js,148,js,1229627e,Yonghao Wang,2026-05-01,13:49:19,-07:00,2026-05-01T13:49:19-07:00,0,5
projects/projects.js,149,js,1229627e,Yonghao Wang,2026-05-01,13:49:19,-07:00,2026-05-01T13:49:19-07:00,0,15
projects/projects.js,150,js,1229627e,Yonghao Wang,2026-05-01,13:49:19,-07:00,2026-05-01T13:49:19-07:00,0,10
projects/projects.js,151,js,1229627e,Yonghao Wang,2026-05-01,13:49:19,-07:00,2026-05-01T13:49:19-07:00,0,10
projects/projects.js,152,js,00000000,Not Committed Yet,2026-05-08,13:28:35,-07:00,2026-05-08T13:28:35-07:00,0,63
projects/projects.js,153,js,1229627e,Yonghao Wang,2026-05-01,13:49:19,-07:00,2026-05-01T13:49:19-07:00,0,80
projects/projects.js,154,js,1229627e,Yonghao Wang,2026-05-01,13:49:19,-07:00,2026-05-01T13:49:19-07:00,0,0
projects/projects.js,155,js,1229627e,Yonghao Wang,2026-05-01,13:49:19,-07:00,2026-05-01T13:49:19-07:00,0,0
projects/projects.js,156,js,00000000,Not Committed Yet,2026-05-08,13:28:35,-07:00,2026-05-08T13:28:35-07:00,0,30
projects/projects.js,157,js,1229627e,Yonghao Wang,2026-05-01,13:49:19,-07:00,2026-05-01T13:49:19-07:00,0,59
projects/projects.js,158,js,00000000,Not Committed Yet,2026-05-08,13:28:35,-07:00,2026-05-08T13:28:35-07:00,0,56
projects/projects.js,159,js,1229627e,Yonghao Wang,2026-05-01,13:49:19,-07:00,2026-05-01T13:49:19-07:00,0,0
projects/projects.js,160,js,6f8e2e1e,Yonghao Wang,2026-04-24,10:29:10,-07:00,2026-04-24T10:29:10-07:00,0,0
projects/projects.js,161,js,6f8e2e1e,Yonghao Wang,2026-04-24,10:29:10,-07:00,2026-04-24T10:29:10-07:00,0,63
projects/projects.js,162,js,6f8e2e1e,Yonghao Wang,2026-04-24,10:29:10,-07:00,2026-04-24T10:29:10-07:00,0,0
projects/projects.js,163,js,6f8e2e1e,Yonghao Wang,2026-04-24,10:29:10,-07:00,2026-04-24T10:29:10-07:00,0,19
projects/projects.js,164,js,6f8e2e1e,Yonghao Wang,2026-04-24,10:29:10,-07:00,2026-04-24T10:29:10-07:00,0,57
projects/projects.js,165,js,6f8e2e1e,Yonghao Wang,2026-04-24,10:29:10,-07:00,2026-04-24T10:29:10-07:00,0,0
projects/projects.js,166,js,1229627e,Yonghao Wang,2026-05-01,13:49:19,-07:00,2026-05-01T13:49:19-07:00,0,0
projects/projects.js,167,js,00000000,Not Committed Yet,2026-05-08,13:28:35,-07:00,2026-05-08T13:28:35-07:00,0,32
projects/projects.js,168,js,00000000,Not Committed Yet,2026-05-08,13:28:35,-07:00,2026-05-08T13:28:35-07:00,0,20
projects/projects.js,169,js,1229627e,Yonghao Wang,2026-05-01,13:49:19,-07:00,2026-05-01T13:49:19-07:00,0,0
projects/projects.js,170,js,1229627e,Yonghao Wang,2026-05-01,13:49:19,-07:00,2026-05-01T13:49:19-07:00,0,17
projects/projects.js,171,js,1229627e,Yonghao Wang,2026-05-01,13:49:19,-07:00,2026-05-01T13:49:19-07:00,0,49
projects/projects.js,172,js,1229627e,Yonghao Wang,2026-05-01,13:49:19,-07:00,2026-05-01T13:49:19-07:00,0,40
projects/projects.js,173,js,00000000,Not Committed Yet,2026-05-08,13:28:35,-07:00,2026-05-08T13:28:35-07:00,0,20
projects/projects.js,174,js,1229627e,Yonghao Wang,2026-05-01,13:49:19,-07:00,2026-05-01T13:49:19-07:00,0,2
projects/projects.js,175,js,1229627e,Yonghao Wang,2026-05-01,13:49:19,-07:00,2026-05-01T13:49:19-07:00,0,0
projects/index.html,1,html,806628a4,Yonghao Wang,2026-04-02,19:11:45,-07:00,2026-04-02T19:11:45-07:00,0,14
projects/index.html,2,html,806628a4,Yonghao Wang,2026-04-02,19:11:45,-07:00,2026-04-02T19:11:45-07:00,0,15
projects/index.html,3,html,806628a4,Yonghao Wang,2026-04-02,19:11:45,-07:00,2026-04-02T19:11:45-07:00,0,5
projects/index.html,4,html,806628a4,Yonghao Wang,2026-04-02,19:11:45,-07:00,2026-04-02T19:11:45-07:00,0,21
projects/index.html,5,html,806628a4,Yonghao Wang,2026-04-02,19:11:45,-07:00,2026-04-02T19:11:45-07:00,0,69
projects/index.html,6,html,14ab1eef,Yonghao Wang,2026-04-09,14:17:57,-07:00,2026-04-09T14:17:57-07:00,0,37
projects/index.html,7,html,806628a4,Yonghao Wang,2026-04-02,19:11:45,-07:00,2026-04-02T19:11:45-07:00,0,42
projects/index.html,8,html,806628a4,Yonghao Wang,2026-04-02,19:11:45,-07:00,2026-04-02T19:11:45-07:00,0,6
projects/index.html,9,html,806628a4,Yonghao Wang,2026-04-02,19:11:45,-07:00,2026-04-02T19:11:45-07:00,0,5
projects/index.html,10,html,6f8e2e1e,Yonghao Wang,2026-04-24,10:29:10,-07:00,2026-04-24T10:29:10-07:00,0,39
projects/index.html,11,html,806628a4,Yonghao Wang,2026-04-02,19:11:45,-07:00,2026-04-02T19:11:45-07:00,0,0
projects/index.html,12,html,806628a4,Yonghao Wang,2026-04-02,19:11:45,-07:00,2026-04-02T19:11:45-07:00,0,53
projects/index.html,13,html,806628a4,Yonghao Wang,2026-04-02,19:11:45,-07:00,2026-04-02T19:11:45-07:00,0,0
projects/index.html,14,html,00000000,Not Committed Yet,2026-05-08,13:28:35,-07:00,2026-05-08T13:28:35-07:00,0,69
projects/index.html,15,html,00000000,Not Committed Yet,2026-05-08,13:28:35,-07:00,2026-05-08T13:28:35-07:00,0,50
projects/index.html,16,html,00000000,Not Committed Yet,2026-05-08,13:28:35,-07:00,2026-05-08T13:28:35-07:00,0,25
projects/index.html,17,html,00000000,Not Committed Yet,2026-05-08,13:28:35,-07:00,2026-05-08T13:28:35-07:00,0,98
projects/index.html,18,html,00000000,Not Committed Yet,2026-05-08,13:28:35,-07:00,2026-05-08T13:28:35-07:00,0,68
projects/index.html,19,html,00000000,Not Committed Yet,2026-05-08,13:28:35,-07:00,2026-05-08T13:28:35-07:00,0,5
projects/index.html,20,html,00000000,Not Committed Yet,2026-05-08,13:28:35,-07:00,2026-05-08T13:28:35-07:00,0,9
projects/index.html,21,html,1229627e,Yonghao Wang,2026-05-01,13:49:19,-07:00,2026-05-01T13:49:19-07:00,0,0
projects/index.html,22,html,1229627e,Yonghao Wang,2026-05-01,13:49:19,-07:00,2026-05-01T13:49:19-07:00,0,5
projects/index.html,23,html,1229627e,Yonghao Wang,2026-05-01,13:49:19,-07:00,2026-05-01T13:49:19-07:00,0,19
projects/index.html,24,html,1229627e,Yonghao Wang,2026-05-01,13:49:19,-07:00,2026-05-01T13:49:19-07:00,0,12
projects/index.html,25,html,1229627e,Yonghao Wang,2026-05-01,13:49:19,-07:00,2026-05-01T13:49:19-07:00,0,27
projects/index.html,26,html,1229627e,Yonghao Wang,2026-05-01,13:49:19,-07:00,2026-05-01T13:49:19-07:00,0,32
projects/index.html,27,html,1229627e,Yonghao Wang,2026-05-01,13:49:19,-07:00,2026-05-01T13:49:19-07:00,0,0
projects/index.html,28,html,1229627e,Yonghao Wang,2026-05-01,13:49:19,-07:00,2026-05-01T13:49:19-07:00,0,0
projects/index.html,29,html,6f8e2e1e,Yonghao Wang,2026-04-24,10:29:10,-07:00,2026-04-24T10:29:10-07:00,0,27
projects/index.html,30,html,14ab1eef,Yonghao Wang,2026-04-09,14:17:57,-07:00,2026-04-09T14:17:57-07:00,0,0
projects/index.html,31,html,6f8e2e1e,Yonghao Wang,2026-04-24,10:29:10,-07:00,2026-04-24T10:29:10-07:00,0,49
projects/index.html,32,html,6f8e2e1e,Yonghao Wang,2026-04-24,10:29:10,-07:00,2026-04-24T10:29:10-07:00,0,48
projects/index.html,33,html,806628a4,Yonghao Wang,2026-04-02,19:11:45,-07:00,2026-04-02T19:11:45-07:00,0,6
projects/index.html,34,html,6f8e2e1e,Yonghao Wang,2026-04-24,10:29:10,-07:00,2026-04-24T10:29:10-07:00,0,6
resume/index.html,1,html,806628a4,Yonghao Wang,2026-04-02,19:11:45,-07:00,2026-04-02T19:11:45-07:00,0,14
resume/index.html,2,html,806628a4,Yonghao Wang,2026-04-02,19:11:45,-07:00,2026-04-02T19:11:45-07:00,0,15
resume/index.html,3,html,806628a4,Yonghao Wang,2026-04-02,19:11:45,-07:00,2026-04-02T19:11:45-07:00,0,5
resume/index.html,4,html,9b071323,Yonghao Wang,2026-04-14,15:42:14,-07:00,2026-04-14T15:42:14-07:00,0,49
resume/index.html,5,html,806628a4,Yonghao Wang,2026-04-02,19:11:45,-07:00,2026-04-02T19:11:45-07:00,0,21
resume/index.html,6,html,806628a4,Yonghao Wang,2026-04-02,19:11:45,-07:00,2026-04-02T19:11:45-07:00,0,69
resume/index.html,7,html,14ab1eef,Yonghao Wang,2026-04-09,14:17:57,-07:00,2026-04-09T14:17:57-07:00,0,35
resume/index.html,8,html,806628a4,Yonghao Wang,2026-04-02,19:11:45,-07:00,2026-04-02T19:11:45-07:00,0,42
resume/index.html,9,html,806628a4,Yonghao Wang,2026-04-02,19:11:45,-07:00,2026-04-02T19:11:45-07:00,0,6
resume/index.html,10,html,806628a4,Yonghao Wang,2026-04-02,19:11:45,-07:00,2026-04-02T19:11:45-07:00,0,5
resume/index.html,11,html,806628a4,Yonghao Wang,2026-04-02,19:11:45,-07:00,2026-04-02T19:11:45-07:00,0,14
resume/index.html,12,html,806628a4,Yonghao Wang,2026-04-02,19:11:45,-07:00,2026-04-02T19:11:45-07:00,0,0
resume/index.html,13,html,806628a4,Yonghao Wang,2026-04-02,19:11:45,-07:00,2026-04-02T19:11:45-07:00,0,8
resume/index.html,14,html,806628a4,Yonghao Wang,2026-04-02,19:11:45,-07:00,2026-04-02T19:11:45-07:00,0,20
resume/index.html,15,html,14ab1eef,Yonghao Wang,2026-04-09,14:17:57,-07:00,2026-04-09T14:17:57-07:00,0,55
resume/index.html,16,html,806628a4,Yonghao Wang,2026-04-02,19:11:45,-07:00,2026-04-02T19:11:45-07:00,0,48
resume/index.html,17,html,806628a4,Yonghao Wang,2026-04-02,19:11:45,-07:00,2026-04-02T19:11:45-07:00,0,19
resume/index.html,18,html,806628a4,Yonghao Wang,2026-04-02,19:11:45,-07:00,2026-04-02T19:11:45-07:00,0,36
resume/index.html,19,html,806628a4,Yonghao Wang,2026-04-02,19:11:45,-07:00,2026-04-02T19:11:45-07:00,0,30
resume/index.html,20,html,806628a4,Yonghao Wang,2026-04-02,19:11:45,-07:00,2026-04-02T19:11:45-07:00,0,2
resume/index.html,21,html,806628a4,Yonghao Wang,2026-04-02,19:11:45,-07:00,2026-04-02T19:11:45-07:00,0,6
resume/index.html,22,html,806628a4,Yonghao Wang,2026-04-02,19:11:45,-07:00,2026-04-02T19:11:45-07:00,0,82
resume/index.html,23,html,806628a4,Yonghao Wang,2026-04-02,19:11:45,-07:00,2026-04-02T19:11:45-07:00,0,3
resume/index.html,24,html,806628a4,Yonghao Wang,2026-04-02,19:11:45,-07:00,2026-04-02T19:11:45-07:00,0,9
resume/index.html,25,html,806628a4,Yonghao Wang,2026-04-02,19:11:45,-07:00,2026-04-02T19:11:45-07:00,0,0
resume/index.html,26,html,806628a4,Yonghao Wang,2026-04-02,19:11:45,-07:00,2026-04-02T19:11:45-07:00,0,8
resume/index.html,27,html,806628a4,Yonghao Wang,2026-04-02,19:11:45,-07:00,2026-04-02T19:11:45-07:00,0,17
resume/index.html,28,html,806628a4,Yonghao Wang,2026-04-02,19:11:45,-07:00,2026-04-02T19:11:45-07:00,0,8
resume/index.html,29,html,806628a4,Yonghao Wang,2026-04-02,19:11:45,-07:00,2026-04-02T19:11:45-07:00,0,50
resume/index.html,30,html,806628a4,Yonghao Wang,2026-04-02,19:11:45,-07:00,2026-04-02T19:11:45-07:00,0,18
resume/index.html,31,html,806628a4,Yonghao Wang,2026-04-02,19:11:45,-07:00,2026-04-02T19:11:45-07:00,0,70
resume/index.html,32,html,806628a4,Yonghao Wang,2026-04-02,19:11:45,-07:00,2026-04-02T19:11:45-07:00,0,57
resume/index.html,33,html,806628a4,Yonghao Wang,2026-04-02,19:11:45,-07:00,2026-04-02T19:11:45-07:00,0,2
resume/index.html,34,html,806628a4,Yonghao Wang,2026-04-02,19:11:45,-07:00,2026-04-02T19:11:45-07:00,0,86
resume/index.html,35,html,806628a4,Yonghao Wang,2026-04-02,19:11:45,-07:00,2026-04-02T19:11:45-07:00,0,31
resume/index.html,36,html,806628a4,Yonghao Wang,2026-04-02,19:11:45,-07:00,2026-04-02T19:11:45-07:00,0,3
resume/index.html,37,html,806628a4,Yonghao Wang,2026-04-02,19:11:45,-07:00,2026-04-02T19:11:45-07:00,0,9
resume/index.html,38,html,806628a4,Yonghao Wang,2026-04-02,19:11:45,-07:00,2026-04-02T19:11:45-07:00,0,9
resume/index.html,39,html,806628a4,Yonghao Wang,2026-04-02,19:11:45,-07:00,2026-04-02T19:11:45-07:00,0,0
resume/index.html,40,html,806628a4,Yonghao Wang,2026-04-02,19:11:45,-07:00,2026-04-02T19:11:45-07:00,0,8
resume/index.html,41,html,806628a4,Yonghao Wang,2026-04-02,19:11:45,-07:00,2026-04-02T19:11:45-07:00,0,24
resume/index.html,42,html,806628a4,Yonghao Wang,2026-04-02,19:11:45,-07:00,2026-04-02T19:11:45-07:00,0,0
resume/index.html,43,html,806628a4,Yonghao Wang,2026-04-02,19:11:45,-07:00,2026-04-02T19:11:45-07:00,0,8
resume/index.html,44,html,806628a4,Yonghao Wang,2026-04-02,19:11:45,-07:00,2026-04-02T19:11:45-07:00,0,19
resume/index.html,45,html,806628a4,Yonghao Wang,2026-04-02,19:11:45,-07:00,2026-04-02T19:11:45-07:00,0,3
resume/index.html,46,html,806628a4,Yonghao Wang,2026-04-02,19:11:45,-07:00,2026-04-02T19:11:45-07:00,0,14
resume/index.html,47,html,806628a4,Yonghao Wang,2026-04-02,19:11:45,-07:00,2026-04-02T19:11:45-07:00,0,18
resume/index.html,48,html,806628a4,Yonghao Wang,2026-04-02,19:11:45,-07:00,2026-04-02T19:11:45-07:00,0,18
resume/index.html,49,html,806628a4,Yonghao Wang,2026-04-02,19:11:45,-07:00,2026-04-02T19:11:45-07:00,0,11
resume/index.html,50,html,806628a4,Yonghao Wang,2026-04-02,19:11:45,-07:00,2026-04-02T19:11:45-07:00,0,12
resume/index.html,51,html,806628a4,Yonghao Wang,2026-04-02,19:11:45,-07:00,2026-04-02T19:11:45-07:00,0,4
resume/index.html,52,html,806628a4,Yonghao Wang,2026-04-02,19:11:45,-07:00,2026-04-02T19:11:45-07:00,0,9
resume/index.html,53,html,806628a4,Yonghao Wang,2026-04-02,19:11:45,-07:00,2026-04-02T19:11:45-07:00,0,0
resume/index.html,54,html,806628a4,Yonghao Wang,2026-04-02,19:11:45,-07:00,2026-04-02T19:11:45-07:00,0,8
resume/index.html,55,html,806628a4,Yonghao Wang,2026-04-02,19:11:45,-07:00,2026-04-02T19:11:45-07:00,0,30
resume/index.html,56,html,806628a4,Yonghao Wang,2026-04-02,19:11:45,-07:00,2026-04-02T19:11:45-07:00,0,3
resume/index.html,57,html,806628a4,Yonghao Wang,2026-04-02,19:11:45,-07:00,2026-04-02T19:11:45-07:00,0,13
resume/index.html,58,html,806628a4,Yonghao Wang,2026-04-02,19:11:45,-07:00,2026-04-02T19:11:45-07:00,0,15
resume/index.html,59,html,806628a4,Yonghao Wang,2026-04-02,19:11:45,-07:00,2026-04-02T19:11:45-07:00,0,14
resume/index.html,60,html,806628a4,Yonghao Wang,2026-04-02,19:11:45,-07:00,2026-04-02T19:11:45-07:00,0,16
resume/index.html,61,html,806628a4,Yonghao Wang,2026-04-02,19:11:45,-07:00,2026-04-02T19:11:45-07:00,0,17
resume/index.html,62,html,806628a4,Yonghao Wang,2026-04-02,19:11:45,-07:00,2026-04-02T19:11:45-07:00,0,4
resume/index.html,63,html,806628a4,Yonghao Wang,2026-04-02,19:11:45,-07:00,2026-04-02T19:11:45-07:00,0,9
resume/index.html,64,html,806628a4,Yonghao Wang,2026-04-02,19:11:45,-07:00,2026-04-02T19:11:45-07:00,0,0
resume/index.html,65,html,806628a4,Yonghao Wang,2026-04-02,19:11:45,-07:00,2026-04-02T19:11:45-07:00,0,8
resume/index.html,66,html,806628a4,Yonghao Wang,2026-04-02,19:11:45,-07:00,2026-04-02T19:11:45-07:00,0,20
resume/index.html,67,html,806628a4,Yonghao Wang,2026-04-02,19:11:45,-07:00,2026-04-02T19:11:45-07:00,0,3
resume/index.html,68,html,806628a4,Yonghao Wang,2026-04-02,19:11:45,-07:00,2026-04-02T19:11:45-07:00,0,13
resume/index.html,69,html,806628a4,Yonghao Wang,2026-04-02,19:11:45,-07:00,2026-04-02T19:11:45-07:00,0,14
resume/index.html,70,html,806628a4,Yonghao Wang,2026-04-02,19:11:45,-07:00,2026-04-02T19:11:45-07:00,0,20
resume/index.html,71,html,806628a4,Yonghao Wang,2026-04-02,19:11:45,-07:00,2026-04-02T19:11:45-07:00,0,15
resume/index.html,72,html,806628a4,Yonghao Wang,2026-04-02,19:11:45,-07:00,2026-04-02T19:11:45-07:00,0,4
resume/index.html,73,html,806628a4,Yonghao Wang,2026-04-02,19:11:45,-07:00,2026-04-02T19:11:45-07:00,0,9
resume/index.html,74,html,806628a4,Yonghao Wang,2026-04-02,19:11:45,-07:00,2026-04-02T19:11:45-07:00,0,0
resume/index.html,75,html,806628a4,Yonghao Wang,2026-04-02,19:11:45,-07:00,2026-04-02T19:11:45-07:00,0,8
resume/index.html,76,html,806628a4,Yonghao Wang,2026-04-02,19:11:45,-07:00,2026-04-02T19:11:45-07:00,0,29
resume/index.html,77,html,806628a4,Yonghao Wang,2026-04-02,19:11:45,-07:00,2026-04-02T19:11:45-07:00,0,3
resume/index.html,78,html,806628a4,Yonghao Wang,2026-04-02,19:11:45,-07:00,2026-04-02T19:11:45-07:00,0,18
resume/index.html,79,html,806628a4,Yonghao Wang,2026-04-02,19:11:45,-07:00,2026-04-02T19:11:45-07:00,0,14
resume/index.html,80,html,806628a4,Yonghao Wang,2026-04-02,19:11:45,-07:00,2026-04-02T19:11:45-07:00,0,14
resume/index.html,81,html,806628a4,Yonghao Wang,2026-04-02,19:11:45,-07:00,2026-04-02T19:11:45-07:00,0,11
resume/index.html,82,html,806628a4,Yonghao Wang,2026-04-02,19:11:45,-07:00,2026-04-02T19:11:45-07:00,0,13
resume/index.html,83,html,806628a4,Yonghao Wang,2026-04-02,19:11:45,-07:00,2026-04-02T19:11:45-07:00,0,4
resume/index.html,84,html,806628a4,Yonghao Wang,2026-04-02,19:11:45,-07:00,2026-04-02T19:11:45-07:00,0,9
resume/index.html,85,html,806628a4,Yonghao Wang,2026-04-02,19:11:45,-07:00,2026-04-02T19:11:45-07:00,0,0
resume/index.html,86,html,806628a4,Yonghao Wang,2026-04-02,19:11:45,-07:00,2026-04-02T19:11:45-07:00,0,8
resume/index.html,87,html,806628a4,Yonghao Wang,2026-04-02,19:11:45,-07:00,2026-04-02T19:11:45-07:00,0,17
resume/index.html,88,html,806628a4,Yonghao Wang,2026-04-02,19:11:45,-07:00,2026-04-02T19:11:45-07:00,0,3
resume/index.html,89,html,806628a4,Yonghao Wang,2026-04-02,19:11:45,-07:00,2026-04-02T19:11:45-07:00,0,24
resume/index.html,90,html,806628a4,Yonghao Wang,2026-04-02,19:11:45,-07:00,2026-04-02T19:11:45-07:00,0,33
resume/index.html,91,html,806628a4,Yonghao Wang,2026-04-02,19:11:45,-07:00,2026-04-02T19:11:45-07:00,0,4
resume/index.html,92,html,806628a4,Yonghao Wang,2026-04-02,19:11:45,-07:00,2026-04-02T19:11:45-07:00,0,9
resume/index.html,93,html,806628a4,Yonghao Wang,2026-04-02,19:11:45,-07:00,2026-04-02T19:11:45-07:00,0,9
resume/index.html,94,html,806628a4,Yonghao Wang,2026-04-02,19:11:45,-07:00,2026-04-02T19:11:45-07:00,0,0
resume/index.html,95,html,806628a4,Yonghao Wang,2026-04-02,19:11:45,-07:00,2026-04-02T19:11:45-07:00,0,8
resume/index.html,96,html,806628a4,Yonghao Wang,2026-04-02,19:11:45,-07:00,2026-04-02T19:11:45-07:00,0,18
resume/index.html,97,html,806628a4,Yonghao Wang,2026-04-02,19:11:45,-07:00,2026-04-02T19:11:45-07:00,0,0
resume/index.html,98,html,806628a4,Yonghao Wang,2026-04-02,19:11:45,-07:00,2026-04-02T19:11:45-07:00,0,8
resume/index.html,99,html,806628a4,Yonghao Wang,2026-04-02,19:11:45,-07:00,2026-04-02T19:11:45-07:00,0,64
resume/index.html,100,html,806628a4,Yonghao Wang,2026-04-02,19:11:45,-07:00,2026-04-02T19:11:45-07:00,0,89
resume/index.html,101,html,806628a4,Yonghao Wang,2026-04-02,19:11:45,-07:00,2026-04-02T19:11:45-07:00,0,3
resume/index.html,102,html,806628a4,Yonghao Wang,2026-04-02,19:11:45,-07:00,2026-04-02T19:11:45-07:00,0,3
resume/index.html,103,html,806628a4,Yonghao Wang,2026-04-02,19:11:45,-07:00,2026-04-02T19:11:45-07:00,0,93
resume/index.html,104,html,806628a4,Yonghao Wang,2026-04-02,19:11:45,-07:00,2026-04-02T19:11:45-07:00,0,4
resume/index.html,105,html,806628a4,Yonghao Wang,2026-04-02,19:11:45,-07:00,2026-04-02T19:11:45-07:00,0,3
resume/index.html,106,html,806628a4,Yonghao Wang,2026-04-02,19:11:45,-07:00,2026-04-02T19:11:45-07:00,0,102
resume/index.html,107,html,806628a4,Yonghao Wang,2026-04-02,19:11:45,-07:00,2026-04-02T19:11:45-07:00,0,4
resume/index.html,108,html,806628a4,Yonghao Wang,2026-04-02,19:11:45,-07:00,2026-04-02T19:11:45-07:00,0,3
resume/index.html,109,html,806628a4,Yonghao Wang,2026-04-02,19:11:45,-07:00,2026-04-02T19:11:45-07:00,0,84
resume/index.html,110,html,806628a4,Yonghao Wang,2026-04-02,19:11:45,-07:00,2026-04-02T19:11:45-07:00,0,41
resume/index.html,111,html,806628a4,Yonghao Wang,2026-04-02,19:11:45,-07:00,2026-04-02T19:11:45-07:00,0,4
resume/index.html,112,html,806628a4,Yonghao Wang,2026-04-02,19:11:45,-07:00,2026-04-02T19:11:45-07:00,0,4
resume/index.html,113,html,806628a4,Yonghao Wang,2026-04-02,19:11:45,-07:00,2026-04-02T19:11:45-07:00,0,9
resume/index.html,114,html,806628a4,Yonghao Wang,2026-04-02,19:11:45,-07:00,2026-04-02T19:11:45-07:00,0,0
resume/index.html,115,html,806628a4,Yonghao Wang,2026-04-02,19:11:45,-07:00,2026-04-02T19:11:45-07:00,0,8
resume/index.html,116,html,806628a4,Yonghao Wang,2026-04-02,19:11:45,-07:00,2026-04-02T19:11:45-07:00,0,83
resume/index.html,117,html,806628a4,Yonghao Wang,2026-04-02,19:11:45,-07:00,2026-04-02T19:11:45-07:00,0,20
resume/index.html,118,html,806628a4,Yonghao Wang,2026-04-02,19:11:45,-07:00,2026-04-02T19:11:45-07:00,0,89
resume/index.html,119,html,806628a4,Yonghao Wang,2026-04-02,19:11:45,-07:00,2026-04-02T19:11:45-07:00,0,3
resume/index.html,120,html,806628a4,Yonghao Wang,2026-04-02,19:11:45,-07:00,2026-04-02T19:11:45-07:00,0,89
resume/index.html,121,html,806628a4,Yonghao Wang,2026-04-02,19:11:45,-07:00,2026-04-02T19:11:45-07:00,0,3
resume/index.html,122,html,806628a4,Yonghao Wang,2026-04-02,19:11:45,-07:00,2026-04-02T19:11:45-07:00,0,86
resume/index.html,123,html,806628a4,Yonghao Wang,2026-04-02,19:11:45,-07:00,2026-04-02T19:11:45-07:00,0,31
resume/index.html,124,html,806628a4,Yonghao Wang,2026-04-02,19:11:45,-07:00,2026-04-02T19:11:45-07:00,0,4
resume/index.html,125,html,806628a4,Yonghao Wang,2026-04-02,19:11:45,-07:00,2026-04-02T19:11:45-07:00,0,3
resume/index.html,126,html,806628a4,Yonghao Wang,2026-04-02,19:11:45,-07:00,2026-04-02T19:11:45-07:00,0,93
resume/index.html,127,html,806628a4,Yonghao Wang,2026-04-02,19:11:45,-07:00,2026-04-02T19:11:45-07:00,0,4
resume/index.html,128,html,806628a4,Yonghao Wang,2026-04-02,19:11:45,-07:00,2026-04-02T19:11:45-07:00,0,4
resume/index.html,129,html,806628a4,Yonghao Wang,2026-04-02,19:11:45,-07:00,2026-04-02T19:11:45-07:00,0,9
resume/index.html,130,html,806628a4,Yonghao Wang,2026-04-02,19:11:45,-07:00,2026-04-02T19:11:45-07:00,0,0
resume/index.html,131,html,806628a4,Yonghao Wang,2026-04-02,19:11:45,-07:00,2026-04-02T19:11:45-07:00,0,8
resume/index.html,132,html,806628a4,Yonghao Wang,2026-04-02,19:11:45,-07:00,2026-04-02T19:11:45-07:00,0,32
resume/index.html,133,html,806628a4,Yonghao Wang,2026-04-02,19:11:45,-07:00,2026-04-02T19:11:45-07:00,0,21
resume/index.html,134,html,806628a4,Yonghao Wang,2026-04-02,19:11:45,-07:00,2026-04-02T19:11:45-07:00,0,89
resume/index.html,135,html,806628a4,Yonghao Wang,2026-04-02,19:11:45,-07:00,2026-04-02T19:11:45-07:00,0,3
resume/index.html,136,html,806628a4,Yonghao Wang,2026-04-02,19:11:45,-07:00,2026-04-02T19:11:45-07:00,0,3
resume/index.html,137,html,806628a4,Yonghao Wang,2026-04-02,19:11:45,-07:00,2026-04-02T19:11:45-07:00,0,98
resume/index.html,138,html,806628a4,Yonghao Wang,2026-04-02,19:11:45,-07:00,2026-04-02T19:11:45-07:00,0,4
resume/index.html,139,html,806628a4,Yonghao Wang,2026-04-02,19:11:45,-07:00,2026-04-02T19:11:45-07:00,0,3
resume/index.html,140,html,806628a4,Yonghao Wang,2026-04-02,19:11:45,-07:00,2026-04-02T19:11:45-07:00,0,91
resume/index.html,141,html,806628a4,Yonghao Wang,2026-04-02,19:11:45,-07:00,2026-04-02T19:11:45-07:00,0,4
resume/index.html,142,html,806628a4,Yonghao Wang,2026-04-02,19:11:45,-07:00,2026-04-02T19:11:45-07:00,0,4
resume/index.html,143,html,806628a4,Yonghao Wang,2026-04-02,19:11:45,-07:00,2026-04-02T19:11:45-07:00,0,9
resume/index.html,144,html,806628a4,Yonghao Wang,2026-04-02,19:11:45,-07:00,2026-04-02T19:11:45-07:00,0,9
resume/index.html,145,html,806628a4,Yonghao Wang,2026-04-02,19:11:45,-07:00,2026-04-02T19:11:45-07:00,0,0
resume/index.html,146,html,806628a4,Yonghao Wang,2026-04-02,19:11:45,-07:00,2026-04-02T19:11:45-07:00,0,8
resume/index.html,147,html,806628a4,Yonghao Wang,2026-04-02,19:11:45,-07:00,2026-04-02T19:11:45-07:00,0,25
resume/index.html,148,html,806628a4,Yonghao Wang,2026-04-02,19:11:45,-07:00,2026-04-02T19:11:45-07:00,0,0
resume/index.html,149,html,806628a4,Yonghao Wang,2026-04-02,19:11:45,-07:00,2026-04-02T19:11:45-07:00,0,8
resume/index.html,150,html,806628a4,Yonghao Wang,2026-04-02,19:11:45,-07:00,2026-04-02T19:11:45-07:00,0,51
resume/index.html,151,html,806628a4,Yonghao Wang,2026-04-02,19:11:45,-07:00,2026-04-02T19:11:45-07:00,0,39
resume/index.html,152,html,806628a4,Yonghao Wang,2026-04-02,19:11:45,-07:00,2026-04-02T19:11:45-07:00,0,3
resume/index.html,153,html,806628a4,Yonghao Wang,2026-04-02,19:11:45,-07:00,2026-04-02T19:11:45-07:00,0,97
resume/index.html,154,html,806628a4,Yonghao Wang,2026-04-02,19:11:45,-07:00,2026-04-02T19:11:45-07:00,0,3
resume/index.html,155,html,806628a4,Yonghao Wang,2026-04-02,19:11:45,-07:00,2026-04-02T19:11:45-07:00,0,88
resume/index.html,156,html,806628a4,Yonghao Wang,2026-04-02,19:11:45,-07:00,2026-04-02T19:11:45-07:00,0,55
resume/index.html,157,html,806628a4,Yonghao Wang,2026-04-02,19:11:45,-07:00,2026-04-02T19:11:45-07:00,0,4
resume/index.html,158,html,806628a4,Yonghao Wang,2026-04-02,19:11:45,-07:00,2026-04-02T19:11:45-07:00,0,3
resume/index.html,159,html,806628a4,Yonghao Wang,2026-04-02,19:11:45,-07:00,2026-04-02T19:11:45-07:00,0,89
resume/index.html,160,html,806628a4,Yonghao Wang,2026-04-02,19:11:45,-07:00,2026-04-02T19:11:45-07:00,0,16
resume/index.html,161,html,806628a4,Yonghao Wang,2026-04-02,19:11:45,-07:00,2026-04-02T19:11:45-07:00,0,4
resume/index.html,162,html,806628a4,Yonghao Wang,2026-04-02,19:11:45,-07:00,2026-04-02T19:11:45-07:00,0,4
resume/index.html,163,html,806628a4,Yonghao Wang,2026-04-02,19:11:45,-07:00,2026-04-02T19:11:45-07:00,0,9
resume/index.html,164,html,806628a4,Yonghao Wang,2026-04-02,19:11:45,-07:00,2026-04-02T19:11:45-07:00,0,0
resume/index.html,165,html,806628a4,Yonghao Wang,2026-04-02,19:11:45,-07:00,2026-04-02T19:11:45-07:00,0,8
resume/index.html,166,html,806628a4,Yonghao Wang,2026-04-02,19:11:45,-07:00,2026-04-02T19:11:45-07:00,0,44
resume/index.html,167,html,806628a4,Yonghao Wang,2026-04-02,19:11:45,-07:00,2026-04-02T19:11:45-07:00,0,39
resume/index.html,168,html,806628a4,Yonghao Wang,2026-04-02,19:11:45,-07:00,2026-04-02T19:11:45-07:00,0,3
resume/index.html,169,html,806628a4,Yonghao Wang,2026-04-02,19:11:45,-07:00,2026-04-02T19:11:45-07:00,0,3
resume/index.html,170,html,806628a4,Yonghao Wang,2026-04-02,19:11:45,-07:00,2026-04-02T19:11:45-07:00,0,85
resume/index.html,171,html,806628a4,Yonghao Wang,2026-04-02,19:11:45,-07:00,2026-04-02T19:11:45-07:00,0,26
resume/index.html,172,html,806628a4,Yonghao Wang,2026-04-02,19:11:45,-07:00,2026-04-02T19:11:45-07:00,0,4
resume/index.html,173,html,806628a4,Yonghao Wang,2026-04-02,19:11:45,-07:00,2026-04-02T19:11:45-07:00,0,3
resume/index.html,174,html,806628a4,Yonghao Wang,2026-04-02,19:11:45,-07:00,2026-04-02T19:11:45-07:00,0,88
resume/index.html,175,html,806628a4,Yonghao Wang,2026-04-02,19:11:45,-07:00,2026-04-02T19:11:45-07:00,0,24
resume/index.html,176,html,806628a4,Yonghao Wang,2026-04-02,19:11:45,-07:00,2026-04-02T19:11:45-07:00,0,4
resume/index.html,177,html,806628a4,Yonghao Wang,2026-04-02,19:11:45,-07:00,2026-04-02T19:11:45-07:00,0,4
resume/index.html,178,html,806628a4,Yonghao Wang,2026-04-02,19:11:45,-07:00,2026-04-02T19:11:45-07:00,0,9
resume/index.html,179,html,806628a4,Yonghao Wang,2026-04-02,19:11:45,-07:00,2026-04-02T19:11:45-07:00,0,9
resume/index.html,180,html,806628a4,Yonghao Wang,2026-04-02,19:11:45,-07:00,2026-04-02T19:11:45-07:00,0,6
resume/index.html,181,html,806628a4,Yonghao Wang,2026-04-02,19:11:45,-07:00,2026-04-02T19:11:45-07:00,0,6
